smiles,rt_min
ClC(C=C1)=CC=C1C2=N[C@@H](CC(NCCCCNC(COC3=CC=CC(C(N4C5C(NC(CC5)=O)=O)=O)=C3C4=O)=O)=O)C6=NN=C(C)N6C7C2C(C)=C(C)S7,7.11
ClC(C=C1)=CC=C1C2=N[C@@H](CC(NCCCCCCCCNC(COC3=CC=CC(C(N4C5C(NC(CC5)=O)=O)=O)=C3C4=O)=O)=O)C6=NN=C(C)N6C7C2C(C)=C(C)S7,7.93
ClC(C=C1)=CC=C1C2=N[C@@H](CC(NC3=CC=C(OCCOCCOCCOCCNC4=CC=CC(C(N5C6C(NC(CC6)=O)=O)=O)=C4C5=O)C=C3)=O)C7=NN=C(C)N7C8C2C(C)=C(C)S8,8.48
ClC(C=C1)=CC=C1C2=N[C@@H](CC(NCCCCCCCCNC3=CC=CC(C(N4C5C(NC(CC5)=O)=O)=O)=C3C4=O)=O)C6=NN=C(C)N6C7C2C(C)=C(C)S7,9
ClC(C=C1)=CC=C1C2=N[C@@H](CC(NCCOCCOCCNC3=CC=CC(C(N4C5C(NC(CC5)=O)=O)=O)=C3C4=O)=O)C6=NN=C(C)N6C7C2C(C)=C(C)S7,7.71
O=C1N(C2C(NC(CC2)=O)=O)C(C3=C1C(NCCCN(CC4)CCN4CCCNC(C[C@@H]5N=C(C6=CC=C(Cl)C=C6)C7C(SC(C)=C7C)N8C5=NN=C8C)=O)=CC=C3)=O,5.96
ClC(C=C1)=CC=C1C2=N[C@@H](CC(NCCOCCOCCOC(N[C@H](C(N3C[C@H](O)C[C@H]3C(NCC4=CC=C(C5=C(C)N=CS5)C=C4)=O)=O)C(C)(C)C)=O)=O)C6=NN=C(C)N6C7C2C(C)=C(C)S7,7.74
ClC(C=C1)=CC=C1C2=N[C@@H](CC(NCCCCCCC(N[C@H](C(N3C[C@H](O)C[C@H]3C(N[C@@H](C)C4=CC=C(C5=C(C)N=CS5)C=C4)=O)=O)C(C)(C)C)=O)=O)C6=NN=C(C)N6C7C2C(C)=C(C)S7,8.26
ClC(C=C1)=CC=C1C2=N[C@@H](CC(NCCOCCOCC(N[C@H](C(N3C[C@H](O)C[C@H]3C(N[C@@H](C)C4=CC=C(C5=C(C)N=CS5)C=C4)=O)=O)C(C)(C)C)=O)=O)C6=NN=C(C)N6C7C2C(C)=C(C)S7,8.11
ClC(C=C1)=CC=C1C2=N[C@@H](CC(NCCOCCCOCC(N[C@H](C(N3C[C@H](O)C[C@H]3C(N[C@@H](C)C4=CC=C(C5=C(C)N=CS5)C=C4)=O)=O)C(C)(C)C)=O)=O)C6=NN=C(C)N6C7C2C(C)=C(C)S7,8.09
CC(C)(C)[C@H](NC(CCN(CC1)CCN1C(C[C@@H]2N=C(C3=CC=C(Cl)C=C3)C4C(SC(C)=C4C)N5C2=NN=C5C)=O)=O)C(N6C[C@H](O)C[C@H]6C(N[C@@H](C)C7=CC=C(C8=C(C)N=CS8)C=C7)=O)=O,6.39
ClC1=CC=CC(NC2=NC(C=C(C(NCCCCCCCCNC(COC3=CC=CC(C(N4C5C(NC(CC5)=O)=O)=O)=C3C4=O)=O)=O)C=C6)=C6C7=C2C=CN=C7)=C1,8.34
ClC1=CC=CC(NC2=NC(C=C(C(NCCCCCCCCCCNC(COC3=CC=CC(C(N4C5C(NC(CC5)=O)=O)=O)=C3C4=O)=O)=O)C=C6)=C6C7=C2C=CN=C7)=C1,8.97
ClC1=CC=CC(NC2=NC(C=C(C(NCCOCCOCCOCCNC(COC3=CC=CC(C(N4C5C(NC(CC5)=O)=O)=O)=C3C4=O)=O)=O)C=C6)=C6C7=C2C=CN=C7)=C1,7.02
ClC1=CC=CC(NC2=NC(C=C(C(NCCOCCOCCNC3=CC=CC(C(N4C5C(NC(CC5)=O)=O)=O)=C3C4=O)=O)C=C6)=C6C7=C2C=CN=C7)=C1,7.62
ClC1=CC=CC(NC2=NC(C=C(C(NCCCCCCNC3=CC=CC(C(N4C5C(NC(CC5)=O)=O)=O)=C3C4=O)=O)C=C6)=C6C7=C2C=CN=C7)=C1,8.86
ClC1=CC=CC(NC2=NC(C=C(C(NCCCCC(N[C@H](C(N3C[C@H](O)C[C@H]3C(N[C@@H](C)C4=CC=C(C5=C(C)N=CS5)C=C4)=O)=O)C(C)(C)C)=O)=O)C=C6)=C6C7=C2C=CN=C7)=C1,8.02
ClC1=CC=CC(NC2=NC(C=C(C(NCCCCCCC(N[C@H](C(N3C[C@H](O)C[C@H]3C(N[C@@H](C)C4=CC=C(C5=C(C)N=CS5)C=C4)=O)=O)C(C)(C)C)=O)=O)C=C6)=C6C7=C2C=CN=C7)=C1,8.52
ClC1=CC=CC(NC2=NC(C=C(C(NCCCOCC(N[C@H](C(N3C[C@H](O)C[C@H]3C(N[C@@H](C)C4=CC=C(C5=C(C)N=CS5)C=C4)=O)=O)C(C)(C)C)=O)=O)C=C6)=C6C7=C2C=CN=C7)=C1,8.17
ClC1=CC=CC(NC2=NC(C=C(C(N3CCN(CC(N[C@H](C(N4C[C@H](O)C[C@H]4C(N[C@@H](C)C5=CC=C(C6=C(C)N=CS6)C=C5)=O)=O)C(C)(C)C)=O)CC3)=O)C=C7)=C7C8=C2C=CN=C8)=C1,6.63
O=C1NN=C(CC2=CC=C(F)C(C(N3CCN(C(CCCCCCCCCCNC4=CC=CC(C(N5C6C(NC(CC6)=O)=O)=O)=C4C5=O)=O)CC3)=O)=C2)C7=CC=CC=C71,8.46
O=C1NN=C(CC2=CC=C(F)C(C(N3CCN(C(CCCCCCCCCCC(N[C@H](C(N4C[C@H](O)C[C@H]4C(N[C@@H](C)C5=CC=C(C6=C(C)N=CS6)C=C5)=O)=O)C(C)(C)C)=O)=O)CC3)=O)=C2)C7=CC=CC=C71,8.06
O=C1NN=C(CC2=CC=C(F)C(C(N3CCN(C(CCCCCCC(N[C@H](C(N4C[C@H](O)C[C@H]4C(N[C@@H](C)C5=CC=C(C6=C(C)N=CS6)C=C5)=O)=O)C(C)(C)C)=O)=O)CC3)=O)=C2)C7=CC=CC=C71,7.1
O=C1NN=C(CC2=CC=C(F)C(C(N3CCN(CC4=CN(CCCCC(N[C@H](C(N5C[C@H](O)C[C@H]5C(N[C@@H](C)C6=CC=C(C7=C(C)N=CS7)C=C6)=O)=O)C(C)(C)C)=O)N=N4)CC3)=O)=C2)C8=CC=CC=C81,5.57
O=C1NN=C(CC2=CC=C(F)C(C(N3CCN(C(CCCC4=CN(CCCCC(N[C@H](C(N5C[C@H](O)C[C@H]5C(N[C@@H](C)C6=CC=C(C7=C(C)N=CS7)C=C6)=O)=O)C(C)(C)C)=O)N=N4)=O)CC3)=O)=C2)C8=CC=CC=C81,6.48
FC1=C(OCC(NCCCCCCCCNC(COC2=CC=CC(C(N3C4C(NC(CC4)=O)=O)=O)=C2C3=O)=O)=O)C(C5=CSC(N6CCOCC6)=N5)=CC=C1F,8.11
FC1=C(OCC(NCCOCCOCCNC(COC2=CC=CC(C(N3C4C(NC(CC4)=O)=O)=O)=C2C3=O)=O)=O)C(C5=CSC(N6CCOCC6)=N5)=CC=C1F,6.88
FC1=C(OCC(NCCOCCOCCOCCNC(COC2=CC=CC(C(N3C4C(NC(CC4)=O)=O)=O)=C2C3=O)=O)=O)C(C5=CSC(N6CCOCC6)=N5)=CC=C1F,6.97
FC1=C(OCC(NCCCCCCNC2=CC=CC(C(N3C4C(NC(CC4)=O)=O)=O)=C2C3=O)=O)C(C5=CSC(N6CCOCC6)=N5)=CC=C1F,5.88
FC1=C(OCC(NCCCCCCCCNC2=CC=CC(C(N3C4C(NC(CC4)=O)=O)=O)=C2C3=O)=O)C(C5=CSC(N6CCOCC6)=N5)=CC=C1F,9.18
FC1=C(OCC(NCCOCCOCCNC2=CC=CC(C(N3C4C(NC(CC4)=O)=O)=O)=C2C3=O)=O)C(C5=CSC(N6CCOCC6)=N5)=CC=C1F,7.79
FC1=C(OCCOCCOCCNC2=CC=CC(C(N3C4C(NC(CC4)=O)=O)=O)=C2C3=O)C(C5=CSC(N6CCOCC6)=N5)=CC=C1F,8.83
FC1=C(OCC(NCCCCC(N[C@H](C(N2C[C@H](O)C[C@H]2C(N[C@@H](C)C3=CC=C(C4=C(C)N=CS4)C=C3)=O)=O)C(C)(C)C)=O)=O)C(C5=CSC(N6CCOCC6)=N5)=CC=C1F,7.96
FC1=C(OCC(N(C)CCCCC(N[C@H](C(N2C[C@H](O)C[C@H]2C(N[C@@H](C)C3=CC=C(C4=C(C)N=CS4)C=C3)=O)=O)C(C)(C)C)=O)=O)C(C5=CSC(N6CCOCC6)=N5)=CC=C1F,7.91
FC1=C(OCC(NCCCCCCC(N[C@H](C(N2C[C@H](O)C[C@H]2C(N[C@@H](C)C3=CC=C(C4=C(C)N=CS4)C=C3)=O)=O)C(C)(C)C)=O)=O)C(C5=CSC(N6CCOCC6)=N5)=CC=C1F,8.38
FC1=C(OCC(NCCCOCC(N[C@H](C(N2C[C@H](O)C[C@H]2C(N[C@@H](C)C3=CC=C(C4=C(C)N=CS4)C=C3)=O)=O)C(C)(C)C)=O)=O)C(C5=CSC(N6CCOCC6)=N5)=CC=C1F,8.02
FC1=C(OCCCCCCCC(N[C@H](C(N2C[C@H](O)C[C@H]2C(N[C@@H](C)C3=CC=C(C4=C(C)N=CS4)C=C3)=O)=O)C(C)(C)C)=O)C(C5=CSC(N6CCOCC6)=N5)=CC=C1F,9.79
FC1=C(OCC2=CN(CCCCC(N[C@H](C(N3C[C@H](O)C[C@H]3C(N[C@@H](C)C4=CC=C(C5=C(C)N=CS5)C=C4)=O)=O)C(C)(C)C)=O)N=N2)C(C6=CSC(N7CCOCC7)=N6)=CC=C1F,8.25
FC1=C(OCC(NCCCCCCNC(C[C@@H](NC([C@H]2N(C([C@@H](NC(C3(F)CC3)=O)C(C)(C)C)=O)C[C@H](O)C2)=O)C4=CC=C(C5=C(C)N=CS5)C=C4)=O)=O)C(C6=CSC(N7CCOCC7)=N6)=CC=C1F,8.04
O=C(C(N(CC1=C2C=CC=C1OCCC3CCN(CC#CCOC4=CC=C(C(F)(F)F)C=C4)CC3)C2=O)CC5)NC5=O,21.175
O=C(C(N(CC1=C2C=CC=C1C#CCN3CCN(CC#CCOC4=CC=C(C(F)(F)F)C=C4)CC3)C2=O)CC5)NC5=O,13.73
O=C(C(N(CC1=C2C=CC=C1OC3CN(CC#CCN4CCN(C5=CC=C(C(F)(F)F)C=C5)CC4)C3)C2=O)CC6)NC6=O,18.134
O=C(C(N(CC1=C2C=CC(C#CCN3CCN(CC#CCOC4=CC=C(C(F)(F)F)C=C4)CC3)=C1)C2=O)CC5)NC5=O,13.178
O=C(C(N(CC1=C2C=CC(C#CCN3CCN(C4=CC=C(C(F)(F)F)C=C4)CC3)=C1)C2=O)CC5)NC5=O,13.304
O=C(C(N(CC1=C2C=C(C#CCN3CCN(CC#CCOC4=CC=C(C(F)(F)F)C=C4)CC3)C=C1)C2=O)CC5)NC5=O,21.158
O=C1N(C(CC2)C(NC2=O)=O)C(C3=C1C=CC(N4CCN(CC#CCN5CCN(C6=CC=C(C(F)(F)F)C=C6)CC5)CC4)=C3)=O,21.563
O=C1N(C(CC2)C(NC2=O)=O)C(C3=C1C=CC=C3N4CCN(C5CCN(CCCCOC6=CC=C(C(F)(F)F)C=C6)CC5)CC4)=O,10.487
O=C1N(C(CC2)C(NC2=O)=O)C(C3=C1C=CC=C3N4CCN(CC5CCN(CC#CCOC6=CC=C(C(F)(F)F)C=C6)CC5)CC4)=O,10.326
O=C1N(C(CC2)C(NC2=O)=O)C(C3=C1C=CC=C3N4CCN(CC5CCN(CCCCOC6=CC=C(C(F)(F)F)C=C6)CC5)CC4)=O,10.379
O=C1N(C(CC2)C(NC2=O)=O)C(C3=C1C=CC(N4CCN(C5CN(CC#CCOC6=CC=C(C(F)(F)F)C=C6)C5)CC4)=C3)=O,13.243
O=C1N(C(CC2)C(NC2=O)=O)C(C3=C1C=CC(N4CCN(C5CN(CCCCOC6=CC=C(C(F)(F)F)C=C6)C5)CC4)=C3)=O,13.302
O=C(C(N(CC1=C2C=CC(C#CCN3CCN(C(CCC(N4C[C@H](N5N=C(C6=CC=C(OC7=CC=CC=C7)C=C6)C8=C(N)N=CN=C85)CCC4)=O)=O)CC3)=C1)C2=O)CC9)NC9=O,15.43
O=C(NCC#CCN1CCN(CC#CC2=CC3=C(C(N(C(CC4)C(NC4=O)=O)C3)=O)C=C2)CC1)CC(N5C[C@H](N6N=C(C7=CC=C(OC8=CC=CC=C8)C=C7)C9=C(N)N=CN=C96)CCC5)=O,13.891
O=C(NCC#CCN1CCN(CC#CC2=CC3=C(C(N(C(CC4)C(NC4=O)=O)C3)=O)C=C2)CC1)CCC(N5C[C@H](N6N=C(C7=CC=C(OC8=CC=CC=C8)C=C7)C9=C(N)N=CN=C96)CCC5)=O,14.428
O=C(NCC#CCN1CCN(CC#CC2=CC3=C(C(N(C(CC4)C(NC4=O)=O)C3)=O)C=C2)CC1)CCCC(N5C[C@H](N6N=C(C7=CC=C(OC8=CC=CC=C8)C=C7)C9=C(N)N=CN=C96)CCC5)=O,14.344
O=C(NCC#CCN1CCN(CC#CC2=CC3=C(C(N(C(CC4)C(NC4=O)=O)C3)=O)C=C2)CC1)CCCCC(N5C[C@H](N6N=C(C7=CC=C(OC8=CC=CC=C8)C=C7)C9=C(N)N=CN=C96)CCC5)=O,14.613
O=C(NCC#CCN1CCN(CC#CC2=CC3=C(C(N(C(CC4)C(NC4=O)=O)C3)=O)C=C2)CC1)CCCCCCC(N5C[C@H](N6N=C(C7=CC=C(OC8=CC=CC=C8)C=C7)C9=C(N)N=CN=C96)CCC5)=O,15.23
O=C(C(N(CC1=C2C=CC(C#CCN3CCN(C(/C=C/C(N4C[C@H](N5N=C(C6=CC=C(OC7=CC=CC=C7)C=C6)C8=C(N)N=CN=C85)CCC4)=O)=O)CC3)=C1)C2=O)CC9)NC9=O,16.007
O=C(C1(C(N2C[C@H](N3N=C(C4=CC=C(OC5=CC=CC=C5)C=C4)C6=C(N)N=CN=C63)CCC2)=O)CC1)NCC#CCN7CCN(CC#CC8=CC9=C(C(N(C(CC%10)C(NC%10=O)=O)C9)=O)C=C8)CC7,14.293
O=C(C(N(CC1=C2C=CC(C#CCN3CCN(C(C4(C(N5C[C@H](N6N=C(C7=CC=C(OC8=CC=CC=C8)C=C7)C9=C(N)N=CN=C96)CCC5)=O)CC4)=O)CC3)=C1)C2=O)CC%10)NC%10=O,16.651
O=C([C@H]1[C@@H](C(N2C[C@H](N3N=C(C4=CC=C(OC5=CC=CC=C5)C=C4)C6=C(N)N=CN=C63)CCC2)=O)CCCC1)NCC#CCN7CCN(CC#CC8=CC9=C(C(N(C(CC%10)C(NC%10=O)=O)C9)=O)C=C8)CC7,15.404
O=C([C@H]1CC[C@H](C(N2C[C@H](N3N=C(C4=CC=C(OC5=CC=CC=C5)C=C4)C6=C(N)N=CN=C63)CCC2)=O)CC1)NCC#CCN7CCN(CC#CC8=CC9=C(C(N(C(CC%10)C(NC%10=O)=O)C9)=O)C=C8)CC7,16.414
O=C(C(N(CC1=C2C=CC(C#CCN3CCC(N4CCC(N5N=C(C6=CC=C(OC7=CC=CC=C7)C=C6)C8=C(N)N=CN=C85)CC4)CC3)=C1)C2=O)CC9)NC9=O,11.797
O=C([C@H]1N(C([C@H](C2CCCCC2)NC([C@H](C)NC)=O)=O)C[C@@H](OC3=CC(OCCCCC(N[C@H](C(N4C[C@@H](O)C[C@H]4C(NCC5=CC=C(C6=C(C)N=CS6)C=C5)=O)=O)C(C)(C)C)=O)=CC=C3)C1)N[C@@H]7CCCC8=CC=CC=C87,6.5
O=C([C@H]1N(C([C@H](C2CCCCC2)NC([C@@H](NC)C)=O)=O)C[C@@H](OC3=CC=CC(OCCCCCNC4=CC=CC(C(N5C(CC6)C(NC6=O)=O)=O)=C4C5=O)=C3)C1)N[C@@H]7CCCC8=C7C=CC=C8,7.19
O=C([C@H]1N(C([C@H](C2CCCCC2)NC([C@@H](NC)C)=O)=O)C[C@@H](OC3=CC=CC(OCCCCCCCCNC4=CC=CC(C(N5C(CC6)C(NC6=O)=O)=O)=C4C5=O)=C3)C1)N[C@@H]7CCCC8=C7C=CC=C8,8.04
O=C([C@H]1N(C([C@H](C2CCCCC2)NC([C@@H](NC)C)=O)=O)C[C@@H](OC3=CC=CC(OCCCCOCCCCNC4=CC=CC(C(N5C(CC6)C(NC6=O)=O)=O)=C4C5=O)=C3)C1)N[C@@H]7CCCC8=C7C=CC=C8,7.42
O=C([C@H]1N(C([C@H](C2CCCCC2)NC([C@@H](NC)C)=O)=O)C[C@@H](OC3=CC=CC(OCCOCCOCCNC4=CC=CC(C(N5C(CC6)C(NC6=O)=O)=O)=C4C5=O)=C3)C1)N[C@@H]7CCCC8=C7C=CC=C8,6.63
O=C([C@H]1N(C([C@H](C2CCCCC2)NC([C@@H](NC)C)=O)=O)C[C@@H](OC3=CC=CC(OCCOCCOCCOCCNC4=CC=CC(C(N5C(CC6)C(NC6=O)=O)=O)=C4C5=O)=C3)C1)N[C@@H]7CCCC8=C7C=CC=C8,6.64
O=C([C@H]1N(C([C@H](C2CCCCC2)NC([C@@H](NC)C)=O)=O)C[C@@H](OC3=CC=CC(OCCOCCCCCCOCCCCCCNC4=CC=CC(C(N5C(CC6)C(NC6=O)=O)=O)=C4C5=O)=C3)C1)N[C@@H]7CCCC8=C7C=CC=C8,8.26
O=C(N[C@@H]1CCCC2=CC=CC=C21)[C@H]3N(C[C@H](C3)OC4=CC(OCCCCCOCCCCCOCCCCCCNC5=CC=CC(C(N6C7CCC(NC7=O)=O)=O)=C5C6=O)=CC=C4)C([C@@H](NC([C@@H](NC)C)=O)C8CCCCC8)=O,8.6
O=C([C@H]1N(C([C@H](C2CCCCC2)NC([C@@H](NC)C)=O)=O)C[C@@H](OC3=CC=CC(OCCCCCCOCCCCCCOCCCCCCNC4=CC=CC(C(N5C(CC6)C(NC6=O)=O)=O)=C4C5=O)=C3)C1)N[C@@H]7CCCC8=C7C=CC=C8,9.08
O=C([C@H]1N(C([C@H](C2CCCCC2)NC([C@@H](NC)C)=O)=O)C[C@@H](OC3=CC=CC(OCCOCCCCCCOCCCCCCNC4=CC=CC(C(N5C(CC6)C(N(C)C6=O)=O)=O)=C4C5=O)=C3)C1)N[C@@H]7CCCC8=C7C=CC=C8,8.53
O=C([C@H]1N(C([C@H](C2CCCCC2)NC([C@@H](NC)C)=O)=O)C[C@@H](OC3=CC=CC(OCCCCCCOCCCCCCOCCCCCCNC4=CC=CC(C(N5C(CC6)C(N(C)C6=O)=O)=O)=C4C5=O)=C3)C1)N[C@@H]7CCCC8=C7C=CC=C8,8.4
FC1=CC=C(CNC2=NC3=C(C(NC4=NNC(C)=C4)=N2)C=NN3C5CCN(C(COC6=CC(C(N(C7C(NC(CC7)=O)=O)C8=O)=O)=C8C=C6)=O)CC5)C(F)=C1,7.782
FC1=CC=C(CNC2=NC3=C(C(NC4=NNC(C)=C4)=N2)C=NN3C5CCN(C(CCCOC6=CC(C(N(C7C(NC(CC7)=O)=O)C8=O)=O)=C8C=C6)=O)CC5)C(F)=C1,7.963
FC1=CC=C(CNC2=NC3=C(C(NC4=NNC(C)=C4)=N2)C=NN3C5CCN(C(CCCCCOC6=CC(C(N(C7C(NC(CC7)=O)=O)C8=O)=O)=C8C=C6)=O)CC5)C(F)=C1,8.393
FC1=CC=C(CNC2=NC3=C(C(NC4=NNC(C)=C4)=N2)C=NN3C5CCN(C(CCCCCCCOC6=CC(C(N(C7C(NC(CC7)=O)=O)C8=O)=O)=C8C=C6)=O)CC5)C(F)=C1,9.028
FC1=CC=C(CNC2=NC3=C(C(NC4=NNC(C)=C4)=N2)C=NN3C5CCN(C(CCCCCCCCCOC6=CC(C(N(C7C(NC(CC7)=O)=O)C8=O)=O)=C8C=C6)=O)CC5)C(F)=C1,9.763
FC1=CC=C(CNC2=NC3=C(C(NC4=NNC(C)=C4)=N2)C=NN3C5CCN(C(CCCCCCCCCCCOC6=CC(C(N(C7C(NC(CC7)=O)=O)C8=O)=O)=C8C=C6)=O)CC5)C(F)=C1,10.87
FC1=CC=C(CNC2=NC3=C(C(NC4=NNC(C)=C4)=N2)C=NN3C5CCN(C(CCCCCCCCCCCCCOC6=CC(C(N(C7C(NC(CC7)=O)=O)C8=O)=O)=C8C=C6)=O)CC5)C(F)=C1,11.728
FC1=CC=C(CNC2=NC3=C(C(NC4=NNC(C)=C4)=N2)C=NN3C5CCN(C(CCCCCCCCCCCCCCCOC6=CC(C(N(C7C(NC(CC7)=O)=O)C8=O)=O)=C8C=C6)=O)CC5)C(F)=C1,13.06
FC1=CC=C(CNC2=NC3=C(C(NC4=NNC(C)=C4)=N2)C=NN3C5CCN(C(CCCCCCCCCCCCCCCCCOC6=CC(C(N(C7C(NC(CC7)=O)=O)C8=O)=O)=C8C=C6)=O)CC5)C(F)=C1,15.668
FC1=CC=C(CNC2=NC3=C(C(NC4=NNC(C)=C4)=N2)C=NN3C5CCN(C(CCCCOC6=CC(C(N(C7C(NC(CC7)=O)=O)C8=O)=O)=C8C=C6)=O)CC5)C(F)=C1,8.233
FC1=CC=C(CNC2=NC3=C(C(NC4=NNC(C)=C4)=N2)C=NN3C5CCN(C(CCCCCCOC6=CC(C(N(C7C(NC(CC7)=O)=O)C8=O)=O)=C8C=C6)=O)CC5)C(F)=C1,8.833
FC1=CC=C(CNC2=NC3=C(C(NC4=NNC(C)=C4)=N2)C=NN3C5CCN(C(COCCOC6=CC(C(N(C7C(NC(CC7)=O)=O)C8=O)=O)=C8C=C6)=O)CC5)C(F)=C1,7.753
FC1=CC=C(CNC2=NC3=C(C(NC4=NNC(C)=C4)=N2)C=NN3C5CCN(C(CCOCCOC6=CC(C(N(C7C(NC(CC7)=O)=O)C8=O)=O)=C8C=C6)=O)CC5)C(F)=C1,7.84
FC1=CC=C(CNC2=NC3=C(C(NC4=NNC(C)=C4)=N2)C=NN3C5CCN(C(COCCOCCOC6=CC(C(N(C7C(NC(CC7)=O)=O)C8=O)=O)=C8C=C6)=O)CC5)C(F)=C1,7.697
FC1=CC=C(CNC2=NC3=C(C(NC4=NNC(C)=C4)=N2)C=NN3C5CCN(C(CCOCCOCCCOC6=CC(C(N(C7C(NC(CC7)=O)=O)C8=O)=O)=C8C=C6)=O)CC5)C(F)=C1,8.1
FC1=CC=C(CNC2=NC3=C(C(NC4=NNC(C)=C4)=N2)C=NN3C5CCN(CC6=CC=C(C7CCN(C8=CC9=C(C(N(C%10C(NC(CC%10)=O)=O)C9=O)=O)C=C8)CC7)C=C6)CC5)C(F)=C1,7.647
FC1=CC=C(CNC2=NC3=C(C(NC4=NNC(C)=C4)=N2)C=NN3C5CCN(CC6CCN(C7=CC8=C(C(N(C9C(NC(CC9)=O)=O)C8=O)=O)C=C7)CC6)CC5)C(F)=C1,7.097
FC1=CC=C(CNC2=NC3=C(C(NC4=NNC(C)=C4)=N2)C=NN3C5CCN(CC6CN(C7=CC8=C(C(N(C9C(NC(CC9)=O)=O)C8=O)=O)C=C7)CC6)CC5)C(F)=C1,7.017
FC1=CC=C(CNC2=NC3=C(C(NC4=NNC(C)=C4)=N2)C=NN3C5CCN(CC6CN(C7=CC8=C(C(N(C9C(NC(CC9)=O)=O)C8=O)=O)C=C7)C6)CC5)C(F)=C1,6.913
FC1=CC=C(CNC2=NC3=C(C(NC4=NNC(C)=C4)=N2)C=NN3C5CCN(CC6CC7(CN(C8=CC9=C(C(N(C%10C(NC(CC%10)=O)=O)C9=O)=O)C=C8)C7)C6)CC5)C(F)=C1,7.175
FC1=CC=C(CNC2=NC3=C(C(NC4=NNC(C)=C4)=N2)C=NN3C5CCN(C(CC6=CC=C(N7CCN(C8=CC9=C(C(N(C%10C(NC(CC%10)=O)=O)C9=O)=O)C=C8)CC7)C=C6)=O)CC5)C(F)=C1,8.218
FC1=CC=C(CNC2=NC3=C(C(NC4=NNC(C)=C4)=N2)C=NN3C5CCN(C(CC6CCN(C7=CC8=C(C(N(C9C(NC(CC9)=O)=O)C8=O)=O)C=C7)CC6)=O)CC5)C(F)=C1,8.23
FC1=CC=C(CNC2=NC3=C(C(NC4=NNC(C)=C4)=N2)C=NN3C5CCN(C(CC6CN(C7=CC8=C(C(N(C9C(NC(CC9)=O)=O)C8=O)=O)C=C7)CC6)=O)CC5)C(F)=C1,8.253
FC1=CC=C(CNC2=NC3=C(C(NC4=NNC(C)=C4)=N2)C=NN3C5CCN(C(CC6CN(C7=CC8=C(C(N(C9C(NC(CC9)=O)=O)C8=O)=O)C=C7)C6)=O)CC5)C(F)=C1,8.397
FC1=CC=C(CNC2=NC3=C(C(NC4=NNC(C)=C4)=N2)C=NN3C5CCN(C(CC6CC7(C6)CN(C8=CC9=C(C(N(C%10C(NC(CC%10)=O)=O)C9=O)=O)C=C8)C7)=O)CC5)C(F)=C1,8.545
FC1=CC=C(CNC2=NC3=C(C(NC4=NNC(C)=C4)=N2)C=NN3C5CCN(C(C6=CC=C(C7CCN(C8=CC9=C(C(N(C%10C(NC(CC%10)=O)=O)C9=O)=O)C=C8)CC7)C=C6)=O)CC5)C(F)=C1,8.897
FC1=CC=C(CNC2=NC3=C(C(NC4=NNC(C)=C4)=N2)C=NN3C5CCN(C(C6CCN(C7=CC8=C(C(N(C9C(NC(CC9)=O)=O)C8=O)=O)C=C7)CC6)=O)CC5)C(F)=C1,8.138
FC1=CC=C(CNC2=NC3=C(C(NC4=NNC(C)=C4)=N2)C=NN3C5CCN(C(C6CN(C7=CC8=C(C(N(C9C(NC(CC9)=O)=O)C8=O)=O)C=C7)CC6)=O)CC5)C(F)=C1,8.175
FC1=CC=C(CNC2=NC3=C(C(NC4=NNC(C)=C4)=N2)C=NN3C5CCN(C(C6CN(C7=CC8=C(C(N(C9C(NC(CC9)=O)=O)C8=O)=O)C=C7)C6)=O)CC5)C(F)=C1,7.992
FC1=CC=C(CNC2=NC3=C(C(NC4=NNC(C)=C4)=N2)C=NN3C5CCN(C(C6CC7(CN(C8=CC9=C(C(N(C%10C(NC(CC%10)=O)=O)C9=O)=O)C=C8)C7)C6)=O)CC5)C(F)=C1,8.297
O=C1N(C(CC2)C(N(C)C2=O)=O)C(C3=C1C=CC(N4CCC(C(N5CCC(N6N=CC7=C(NC8=NNC(C)=C8)N=C(NCC9=CC=C(F)C=C9F)N=C76)CC5)=O)CC4)=C3)=O,8.697
FC(C=C1)=C(Cl)C=C1NC2=C(C=C(OCCCN3CCN(C(CCOCCC(N[C@H](C(N4[C@H](C(NCC5=CC=C(C6=C(C)N=CS6)C=C5)=O)C[C@@H](O)C4)=O)C(C)(C)C)=O)=O)CC3)C(OC)=C7)C7=NC=N2,3.77
FC(C=C1)=C(Cl)C=C1NC2=C(C=C(OCCCN3CCN(C(CCOCCOCCOCCC(N[C@@H](C(C)(C)C)C(N4[C@H](C(NCC5=CC=C(C6=C(C)N=CS6)C=C5)=O)C[C@@H](O)C4)=O)=O)=O)CC3)C(OC)=C7)C7=NC=N2,4.89
FC(C=C1)=C(Cl)C=C1NC2=C(C=C(OCCCN3CCN(C(CCOCCOCCOCCOCCOCCC(N[C@@H](C(C)(C)C)C(N4[C@H](C(NCC5=CC=C(C6=C(C)N=CS6)C=C5)=O)C[C@@H](O)C4)=O)=O)=O)CC3)C(OC)=C7)C7=NC=N2,3.81
FC(C=C1)=C(Cl)C=C1NC2=C(C=C(OCCCN3CCN(C(CCC(N[C@@H](C(C)(C)C)C(N4[C@H](C(NCC5=CC=C(C6=C(C)N=CS6)C=C5)=O)C[C@@H](O)C4)=O)=O)=O)CC3)C(OC)=C7)C7=NC=N2,4.99
FC(C=C1)=C(Cl)C=C1NC2=C(C=C(OCCCN3CCN(C(CCCCCC(N[C@@H](C(C)(C)C)C(N4[C@H](C(NCC5=CC=C(C6=C(C)N=CS6)C=C5)=O)C[C@@H](O)C4)=O)=O)=O)CC3)C(OC)=C7)C7=NC=N2,3.81
FC(C=C1)=C(Cl)C=C1NC2=C(C=C(OCCCN3CCN(C(CCCCCCCCCC(N[C@@H](C(C)(C)C)C(N4[C@H](C(NCC5=CC=C(C6=C(C)N=CS6)C=C5)=O)C[C@@H](O)C4)=O)=O)=O)CC3)C(OC)=C7)C7=NC=N2,4
FC(C=C1)=C(Cl)C=C1NC2=C(C=C(OCCCN3CCN(CCC(NCCOCCNC4=C(C(N(C5C(NC(CC5)=O)=O)C6=O)=O)C6=CC=C4)=O)CC3)C(OC)=C7)C7=NC=N2,3.68
FC(C=C1)=C(Cl)C=C1NC2=C(C=C(OCCCN3CCN(CCC(NCCOCCOCCOCCOCCOCCNC4=C(C(N(C5C(NC(CC5)=O)=O)C6=O)=O)C6=CC=C4)=O)CC3)C(OC)=C7)C7=NC=N2,3.77
FC(C=C1)=C(Cl)C=C1NC2=C(C=C(OCCCN3CCN(CCC(NCCCCCCNC4=C(C(N(C5C(NC(CC5)=O)=O)C6=O)=O)C6=CC=C4)=O)CC3)C(OC)=C7)C7=NC=N2,3.84
FC(C=C1)=C(Cl)C=C1NC2=C(C=C(OCCCN3CCN(CCC(NCCCCCCCCOC4=C(C(N(C5CCC(NC5=O)=O)C6=O)=O)C6=CC=C4)=O)CC3)C(OC)=C7)C7=NC=N2,4.22
FC(C=C1)=C(Cl)C=C1NC2=C(C=C(OCCCN3CCN(C(CCCCCCCCCC(N[C@@H](C(C)(C)C)C(N4[C@@H](C(NCC5=CC=C(C6=C(C)N=CS6)C=C5)=O)C[C@H](O)C4)=O)=O)=O)CC3)C(OC)=C7)C7=NC=N2,4.14
FC(C=C1)=C(Cl)C=C1NC2=C(C=C(OCCCN3CCN(CCC(NCCCCCCCCOC4=C(C(N(C5CCC(N(C)C5=O)=O)C6=O)=O)C6=CC=C4)=O)CC3)C(OC)=C7)C7=NC=N2,4.32
O=C([O-])C1=CC=C(C(NCCOCCOCCOCCN2N=NC(CNC(C3=CC=CC(NC4=C(N[C@@H](C5=CC=C(C)O5)C(C)(C)C)C(C4=O)=O)=C3O)=O)=C2)=O)C=C1C6=C7C=C/C(C=C7OC8=C6C=CC(N(C)C)=C8)=[N+](C)/C,17.33
O=C([O-])C1=CC=C(C(NCCOCCOCCN2N=NC(CNC(C3=CC=CC(NC4=C(N[C@@H](C5=CC=C(C)O5)C(C)(C)C)C(C4=O)=O)=C3O)=O)=C2)=O)C=C1C6=C7C=C/C(C=C7OC8=C6C=CC(N(C)C)=C8)=[N+](C)/C,16.74
O=C([O-])C1=CC(C(NCCCN2N=NC(CNC(C3=CC=CC(NC4=C(N[C@@H](C5=CC=C(C)O5)C(C)(C)C)C(C4=O)=O)=C3O)=O)=C2)=O)=CC=C1C6=C7C=C/C(C=C7OC8=C6C=CC(N(C)C)=C8)=[N+](C)/C,17.03
O=C([C@H]1N(C([C@@H](NC(CCCCNC(CC2=C(C)N(C(C3=CC=C(Cl)C=C3)=O)C4=C2C=C(OC)C=C4)=O)=O)C(C)(C)C)=O)C[C@H](O)C1)N[C@H](C5=CC=C(C6=C(C)N=CS6)C=C5)C,5.643
O=C([C@H]1N(C([C@@H](NC(CCCCCCNC(CC2=C(C)N(C(C3=CC=C(Cl)C=C3)=O)C4=C2C=C(OC)C=C4)=O)=O)C(C)(C)C)=O)C[C@H](O)C1)N[C@H](C5=CC=C(C6=C(C)N=CS6)C=C5)C,5.825
O=C([C@H]1N(C([C@H](C(C)(C)C)NC(COCCOCCNC(CC2=C(C)N(C(C3=CC=C(Cl)C=C3)=O)C4=C2C=C(OC)C=C4)=O)=O)=O)C[C@H](O)C1)N[C@H](C5=CC=C(C6=C(C)N=CS6)C=C5)C,5.971
O=C([C@H]1N(C([C@@H](NC(CCC(N2CCN(CCNC(CC3=C(C)N(C(C4=CC=C(Cl)C=C4)=O)C5=C3C=C(OC)C=C5)=O)CC2)=O)=O)C(C)(C)C)=O)C[C@H](O)C1)N[C@H](C6=CC=C(C7=C(C)N=CS7)C=C6)C,4.834
O=C(N1[C@H](C(OC)=O)C[C@H](NC(COCCOCCOCCOCCOC2=C(S(=O)(C(C)(C)C)=O)C=C3C(NC4=CC=C(SC=N5)C5=C4)=CC=NC3=C2)=O)C1)OC(C)(C)C,0.79
O=C([C@H]1NC[C@@H](NC(COCCOCCOCCOCCOC2=C(S(=O)(C(C)(C)C)=O)C=C3C(NC4=CC=C(SC=N5)C5=C4)=CC=NC3=C2)=O)C1)OC,0.49
O=C([C@H]1N(C([C@@H](NC([C@@H](N(C(OC(C)(C)C)=O)C)C)=O)C(C)(C)C)=O)C[C@@H](NC(COCCOCCOCCOCCOC2=C(S(=O)(C(C)(C)C)=O)C=C3C(NC4=CC=C(SC=N5)C5=C4)=CC=NC3=C2)=O)C1)OC,0.87
O=C([C@H]1N(C([C@@H](NC([C@@H](N(C(OC(C)(C)C)=O)C)C)=O)C(C)(C)C)=O)C[C@@H](NC(COCCOCCOCCOCCOC2=C(S(=O)(C(C)(C)C)=O)C=C3C(NC4=CC=C(SC=N5)C5=C4)=CC=NC3=C2)=O)C1)O,0.93
O=C(O[C@@](C)(C(C)(C)C)C(N[C@@H](C(C)(C)C)C(N1[C@H](C(N[C@@H](C2=CC=CC=C2)CC)=O)C[C@H](NC(COCCOCCOCCOCCOC3=C(S(=O)(C(C)(C)C)=O)C=C4C(NC5=CC=C(SC=N6)C6=C5)=CC=NC4=C3)=O)C1)=O)=O)NC,1.34
O=C([C@H]1N(C([C@@H](NC([C@@H](NC)C)=O)C(C)(C)C)=O)C[C@@H](NC(COCCOCCOCCOCCOC2=C(S(=O)(C(C)(C)C)=O)C=C3C(NC4=CC=C(SC=N5)C5=C4)=CC=NC3=C2)=O)C1)N[C@@H](C6=CC=CC=C6)CC,1.18
CN[C@@H](C)C(=O)N[C@@H](C1CCN(CC1)C(=O)COCCOCCOCCOCCOc1cc2nccc(Nc3ccc4scnc4c3)c2cc1S(=O)(=O)C(C)(C)C)C(=O)N1CCC[C@H]1c1nc(cs1)C(=O)c1ccc(F)cc1,1.08
CN[C@@H](C)C(=O)N[C@H](C(=O)N1Cc2cc(OCCOCCOCCOCCOc3cc4ncnc(Nc5n[nH]c(C)c5C)c4cc3S(=O)(=O)C(C)(C)C)ccc2C[C@H]1C(=O)N[C@@H]1CCCc2ccccc12)C(C)(C)C,1.18
CN[C@@H](C)C(=O)N[C@@H](C1CCN(CC1)C(=O)COCCOCCOCCOCCOc1cc2ncnc(Nc3n[nH]c(C)c3C)c2cc1S(=O)(=O)C(C)(C)C)C(=O)N1CCC[C@H]1c1nc(cs1)C(=O)c1ccc(F)cc1,1
CN[C@@H](C)C(=O)N[C@@H](C1CCN(CC1)C(=O)c1cnc(nc1)N1CCC(COc2cc3ncnc(Nc4n[nH]c(C)c4C)c3cc2S(=O)(=O)C(C)(C)C)CC1)C(=O)N1CCC[C@H]1c1nc(cs1)C(=O)c1ccc(F)cc1,1.08
CN[C@@H](C)C(=O)N[C@@H](C1CCN(CC1)C(=O)c1cnc(nc1)N1CCC(CCOc2cc3ncnc(Nc4n[nH]c(C)c4C)c3cc2S(=O)(=O)C(C)(C)C)CC1)C(=O)N1CCC[C@H]1c1nc(cs1)C(=O)c1ccc(F)cc1,1.11
CN[C@@H](C)C(=O)N[C@@H](C1CCN(CC1)C(=O)c1cnc(nc1)N1CCC(CCCOc2cc3ncnc(Nc4n[nH]c(C)c4C)c3cc2S(=O)(=O)C(C)(C)C)CC1)C(=O)N1CCC[C@H]1c1nc(cs1)C(=O)c1ccc(F)cc1,1.14
CN[C@@H](C)C(=O)N[C@@H](C1CCN(CC1)C(=O)c1cnc(nc1)N1CCN(CCOc2cc3ncnc(Nc4n[nH]c(C)c4C)c3cc2S(=O)(=O)C(C)(C)C)CC1)C(=O)N1CCC[C@H]1c1nc(cs1)C(=O)c1ccc(F)cc1,1.02
CN[C@@H](C)C(=O)N[C@@H](C1CCN(CC1)C(=O)c1cnc(nc1)N1CCN(CCCOc2cc3ncnc(Nc4n[nH]c(C)c4C)c3cc2S(=O)(=O)C(C)(C)C)CC1)C(=O)N1CCC[C@H]1c1nc(cs1)C(=O)c1ccc(F)cc1,1.02
CN[C@@H](C)C(=O)N[C@@H](C1CCN(CC1)C(=O)c1ccc(cc1)N1CCN(CCCOc2cc3ncnc(Nc4n[nH]c(C)c4C)c3cc2S(=O)(=O)C(C)(C)C)CC1)C(=O)N1CCC[C@H]1c1nc(cs1)C(=O)c1ccc(F)cc1,0.57
CN[C@@H](C)C(=O)N[C@@H](C1CCN(CC1)C(=O)c1ccc(nc1)N1CCN(CCOc2cc3ncnc(Nc4n[nH]c(C)c4C)c3cc2S(=O)(=O)C(C)(C)C)CC1)C(=O)N1CCC[C@H]1c1nc(cs1)C(=O)c1ccc(F)cc1,1.02
CN[C@@H](C)C(=O)N[C@@H](C1CCN(CC1)C(=O)c1ccc(nc1)N1CCN(CCCOc2cc3ncnc(Nc4n[nH]c(C)c4C)c3cc2S(=O)(=O)C(C)(C)C)CC1)C(=O)N1CCC[C@H]1c1nc(cs1)C(=O)c1ccc(F)cc1,1.03
CN[C@@H](C)C(=O)N[C@@H](C1CCN(CC1)C(=O)c1cnc(cn1)N1CCN(CCOc2cc3ncnc(Nc4n[nH]c(C)c4C)c3cc2S(=O)(=O)C(C)(C)C)CC1)C(=O)N1CCC[C@H]1c1nc(cs1)C(=O)c1ccc(F)cc1,1.01
CN[C@@H](C)C(=O)N[C@H](C(=O)N1C[C@H](C[C@H]1C(=O)N[C@@H]1CCCc2ccccc12)NC(=O)c1cnc(cn1)N1CCN(CCCOc2cc3ncnc(Nc4n[nH]c(C)c4C)c3cc2S(=O)(=O)C(C)(C)C)CC1)C(C)(C)C,1.11
CN[C@@H](C)C(=O)N[C@H]1CN(CC[C@H]2CC[C@H](N2C1=O)C(=O)N[C@@H]1CCCc2ccccc12)C(=O)c1cnc(cn1)N1CCN(CCCOc2cc3ncnc(Nc4n[nH]c(C)c4C)c3cc2S(=O)(=O)C(C)(C)C)CC1,1
C[C@@H]1CN(CC(=O)N2CC(C)(C)c3c2cc(Cc2ccc(F)cc2)c(=O)n3C)[C@@H](CN2CCN(C[C@H]2C)c2ncc(cn2)C(=O)N2CCN(CCCOc3cc4ncnc(Nc5[nH]nc(C)c5C)c4cc3S(=O)(=O)C(C)(C)C)CC2)CN1,1.04
C[C@@H]1CN(CC(=O)N2CC(C)(C)c3ncc(Cc4ccc(F)cc4)cc23)[C@@H](CN2CCN(C[C@H]2C)c2ncc(cn2)C(=O)N2CCN(CCCOc3cc4ncnc(Nc5[nH]nc(C)c5C)c4cc3S(=O)(=O)C(C)(C)C)CC2)CN1,1.15
O=C(NCCCCCCC(NO)=O)C1=CC=C(NC(COCCNC(COC2=CC=CC(C(N3C4CCC(NC4=O)=O)=O)=C2C3=O)=O)=O)C=C1,13.56
O=C(NCCCCCCC(NO)=O)C1=CC=C(NC(CCOCCOCCOCCNC(COC2=CC=CC(C(N3C4CCC(NC4=O)=O)=O)=C2C3=O)=O)=O)C=C1,13.8
O=C(NCCCCCCC(NO)=O)C1=CC=C(NC(CCOCCOCCOCCOCCNC(COC2=CC=CC(C(N3C4CCC(NC4=O)=O)=O)=C2C3=O)=O)=O)C=C1,13.91
O=C(NCCCCCCC(NO)=O)C1=CC=C(NC(CCOCCOCCOCCOCCNC(CNC2=CC=CC(C(N3C4CCC(NC4=O)=O)=O)=C2C3=O)=O)=O)C=C1,13.99
O=C(NCCCCCCC(NO)=O)C1=CC=C(NC(CCCCCCCNC(COC2=CC=CC(C(N3C4CCC(NC4=O)=O)=O)=C2C3=O)=O)=O)C=C1,14.98
O=C(NCCCCCCC(NO)=O)C1=CC=C(NC(COCCOCCNC([C@H](CCCCNC(C2=CC=C(C3(C(C=CC(O)=C4)=C4OC5=C3C=CC(O)=C5)OC6=O)C6=C2)=O)NC(COCCOCCNC(COC7=CC=CC(C(N8C9CCC(NC9=O)=O)=O)=C7C8=O)=O)=O)=O)=O)C=C1,14.84
CC1=NC2=C(N1CC3=C(F)C=C(C(NO)=O)C=C3)C=CC(NC(CCOCCOCCOCCNC(COC4=CC=CC(C(N5C6CCC(NC6=O)=O)=O)=C4C5=O)=O)=O)=C2,13.07
O=C(NC1=CC2=C(N(CC3=C(F)C=C(C(NO)=O)C=C3)C(C)=N2)C=C1)CCOCCOCCOCCOCCNC(COC4=CC=CC(C(N5C6CCC(NC6=O)=O)=O)=C4C5=O)=O,13.18
O=C(NC1=CC2=C(N(CC3=C(F)C=C(C(NO)=O)C=C3)C(C)=N2)C=C1)CCOCCOCCOCCOCCNC(CNC4=CC=CC(C(N5C6CCC(NC6=O)=O)=O)=C4C5=O)=O,13.22
O=C(NC1=CC2=C(N(CC3=C(F)C=C(C(NO)=O)C=C3)C(C)=N2)C=C1)CCCCCCCNC(COC4=CC=CC(C(N5C6CCC(NC6=O)=O)=O)=C4C5=O)=O,14.01
ClC1=CC(N2CCN(CCCCCC(N[C@@H](C(C)(C)C)C(N3C[C@H](O)C[C@H]3C(N[C@@H](C)C4=CC=C(C5=C(C)N=CS5)C=C4)=O)=O)=O)CC2)=C6C(N(CC7=CC(C)=C(F)C(C)=C7)C(N8CC9(CNC9)C8)=N6)=C1,10.993
ClC1=CC(N2CCN(CCCCCCC(N[C@@H](C(C)(C)C)C(N3C[C@H](O)C[C@H]3C(N[C@@H](C)C4=CC=C(C5=C(C)N=CS5)C=C4)=O)=O)=O)CC2)=C6C(N(CC7=CC(C)=C(F)C(C)=C7)C(N8CC9(CNC9)C8)=N6)=C1,11.012
O=C(CCCCCCCN1CCN(C2=C3N=C(N(C3=CC(Cl)=C2)CC(C=C4C)=CC(C)=C4F)N5CC6(C5)CNC6)CC1)N[C@H](C(N(C7)[C@H](C(N[C@H](C8=CC=C(C=C8)C9=C(N=CS9)C)C)=O)C[C@H]7O)=O)C(C)(C)C,11.211
O=C(CCCCCCCCN1CCN(C2=C3N=C(N(C3=CC(Cl)=C2)CC(C=C4C)=CC(C)=C4F)N5CC6(C5)CNC6)CC1)N[C@H](C(N(C7)[C@H](C(N[C@H](C8=CC=C(C=C8)C9=C(N=CS9)C)C)=O)C[C@H]7O)=O)C(C)(C)C,11.354
O=C(CCCCCCCCCN1CCN(C2=C3N=C(N(C3=CC(Cl)=C2)CC(C=C4C)=CC(C)=C4F)N5CC6(C5)CNC6)CC1)N[C@H](C(N(C7)[C@H](C(N[C@H](C8=CC=C(C=C8)C9=C(N=CS9)C)C)=O)C[C@H]7O)=O)C(C)(C)C,11.564
ClC1=CC(N2CCN(CCCCCCCCCCC(N[C@@H](C(C)(C)C)C(N3C[C@H](O)C[C@H]3C(N[C@@H](C)C4=CC=C(C5=C(C)N=CS5)C=C4)=O)=O)=O)CC2)=C6C(N(CC7=CC(C)=C(F)C(C)=C7)C(N8CC9(CNC9)C8)=N6)=C1,11.709
ClC1=CC(N2CCN(CCCCCCCCCCCC(N[C@@H](C(C)(C)C)C(N3C[C@H](O)C[C@H]3C(N[C@@H](C)C4=CC=C(C5=C(C)N=CS5)C=C4)=O)=O)=O)CC2)=C6C(N(CC7=CC(C)=C(F)C(C)=C7)C(N8CC9(CNC9)C8)=N6)=C1,11.983
O=C(COCCOCCN1CCN(C2=C3N=C(N(C3=CC(Cl)=C2)CC(C=C4C)=CC(C)=C4F)N5CC6(C5)CNC6)CC1)N[C@H](C(N(C7)[C@H](C(N[C@H](C8=CC=C(C=C8)C9=C(N=CS9)C)C)=O)C[C@H]7O)=O)C(C)(C)C,10.837
O=C(CCOCCOCCN1CCN(C2=C3N=C(N(C3=CC(Cl)=C2)CC(C=C4C)=CC(C)=C4F)N5CC6(C5)CNC6)CC1)N[C@H](C(N(C7)[C@H](C(N[C@H](C8=CC=C(C=C8)C9=C(N=CS9)C)C)=O)C[C@H]7O)=O)C(C)(C)C,10.829
ClC1=CC(N2CCN(CCOCCOCCOCCC(N[C@@H](C(C)(C)C)C(N3C[C@H](O)C[C@H]3C(N[C@@H](C)C4=CC=C(C5=C(C)N=CS5)C=C4)=O)=O)=O)CC2)=C6C(N(CC7=CC(C)=C(F)C(C)=C7)C(N8CC9(CNC9)C8)=N6)=C1,10.902
ClC1=CC(N2CCN(CCC(NCCCC(N[C@@H](C(C)(C)C)C(N3C[C@H](O)C[C@H]3C(N[C@@H](C)C4=CC=C(C5=C(C)N=CS5)C=C4)=O)=O)=O)=O)CC2)=C6C(N(CC7=CC(C)=C(F)C(C)=C7)C(N8CC9(CNC9)C8)=N6)=C1,10.834
ClC1=CC(N2CCN(CCCC(NCCCC(N[C@@H](C(C)(C)C)C(N3C[C@H](O)C[C@H]3C(N[C@@H](C)C4=CC=C(C5=C(C)N=CS5)C=C4)=O)=O)=O)=O)CC2)=C6C(N(CC7=CC(C)=C(F)C(C)=C7)C(N8CC9(CNC9)C8)=N6)=C1,10.812
ClC1=CC(N2CCN(CCCCC(NCCCC(N[C@@H](C(C)(C)C)C(N3C[C@H](O)C[C@H]3C(N[C@@H](C)C4=CC=C(C5=C(C)N=CS5)C=C4)=O)=O)=O)=O)CC2)=C6C(N(CC7=CC(C)=C(F)C(C)=C7)C(N8CC9(CNC9)C8)=N6)=C1,10.741
O=C(CN(CC1)CCC1CN2CCN(C3=C4N=C(N(C4=CC(Cl)=C3)CC(C=C5C)=CC(C)=C5F)N6CC7(C6)CNC7)CC2)N[C@H](C(N(C8)[C@H](C(N[C@H](C9=CC=C(C=C9)C%10=C(N=CS%10)C)C)=O)C[C@H]8O)=O)C(C)(C)C,10.294
O=C(CCN(CC1)CCC1CN2CCN(C3=C4N=C(N(C4=CC(Cl)=C3)CC(C=C5C)=CC(C)=C5F)N6CC7(C6)CNC7)CC2)N[C@H](C(N(C8)[C@H](C(N[C@H](C9=CC=C(C=C9)C%10=C(N=CS%10)C)C)=O)C[C@H]8O)=O)C(C)(C)C,10.408
O=C(CCCN(CC1)CCC1CN2CCN(C3=C4N=C(N(C4=CC(Cl)=C3)CC(C=C5C)=CC(C)=C5F)N6CC7(C6)CNC7)CC2)N[C@H](C(N(C8)[C@H](C(N[C@H](C9=CC=C(C=C9)C%10=C(N=CS%10)C)C)=O)C[C@H]8O)=O)C(C)(C)C,10.353
O=C(CCCCCCCCN1CCN(C2=C3N=C(N(C3=CC(Cl)=C2)CC(C=C4C)=CC(C)=C4F)N5CC6(C5)CNC6)CC1)N[C@H](C(N7[C@H](C(N[C@H](C8=CC=C(C=C8)C9=C(N=CS9)C)C)=O)C[C@H](O)C7)=O)C(C)(C)C,11.374
O=C([C@@H](NC(C1=CC=C(NCC2=NC3=C(N=C2)N=C(N)NC3=O)C=C1)=O)CCC(NCC4=CN(CCSSCCOC(N5C(C(N6C(C(C(N)=CC=C7)=C7C6=O)=O)CCC5=O)=O)=O)N=N4)=O)O,3.8
O=C([C@@H](NC(C1=CC=C(NCC2=NC3=C(N=C2)N=C(N)NC3=O)C=C1)=O)CCC(NCC4=CN(CCCCCCOC(N5C(C(N6C(C(C(N)=CC=C7)=C7C6=O)=O)CCC5=O)=O)=O)N=N4)=O)O,3.79
O=C([C@H](CCC(NCC1=CN(CCSSCCOC(N2C(C(N3C(C(C(NCCNC(CN4CCC(C5=C(C)C=C(NC(N=C6NC(C=CC=C7)=C7S(C(C)C)(=O)=O)=NC=C6Cl)C(OC(C)C)=C5)CC4)=O)=CC=C8)=C8C3=O)=O)CCC2=O)=O)=O)N=N1)=O)NC(C9=CC=C(NCC%10=NC%11=C(N=C%10)N=C(N)NC%11=O)C=C9)=O)O,4.42
O=C([C@H](CCC(NCC1=CN(CCCCCCOC(N2C(C(N3C(C(C(NCCNC(CN4CCC(C5=C(C)C=C(NC(N=C6NC(C=CC=C7)=C7S(C(C)C)(=O)=O)=NC=C6Cl)C(OC(C)C)=C5)CC4)=O)=CC=C8)=C8C3=O)=O)CCC2=O)=O)=O)N=N1)=O)NC(C9=CC=C(NCC%10=NC%11=C(N=C%10)N=C(N)NC%11=O)C=C9)=O)O,4.45
O=C(N1CCN(C(CCOCCOCCOCCOCCNC2=C(C(N(C3CCC(NC3=O)=O)C4=O)=O)C4=CC=C2)=O)CC1)C5CCN(C6=CC=C(NC(C7=CN=C(OC8=CC=CC=C8)N=C7)=O)C=C6)CC5,17.1
O=C(N1CCN(C(CCOCCOCCOCCNC2=C(C(N(C3CCC(NC3=O)=O)C4=O)=O)C4=CC=C2)=O)CC1)C5CCN(C6=CC=C(NC(C7=CN=C(OC8=CC=CC=C8)N=C7)=O)C=C6)CC5,13.3
O=C(N1CCN(C(CCOCCOCCNC2=C(C(N(C3CCC(NC3=O)=O)C4=O)=O)C4=CC=C2)=O)CC1)C5CCN(C6=CC=C(NC(C7=CN=C(OC8=CC=CC=C8)N=C7)=O)C=C6)CC5,16.8
O=C(N1CCN(C(CCOCCNC2=C(C(N(C3CCC(NC3=O)=O)C4=O)=O)C4=CC=C2)=O)CC1)C5CCN(C6=CC=C(NC(C7=CN=C(OC8=CC=CC=C8)N=C7)=O)C=C6)CC5,13
O=C(N1CCN(C2=C(C(N(C3CCC(NC3=O)=O)C4=O)=O)C4=CC=C2)CC1)C5CCN(C6=CC=C(NC(C7=CN=C(OC8=CC=CC=C8)N=C7)=O)C=C6)CC5,16.3
O=C(N1CCN(C2=C(C(N(C3CCC(N(C)C3=O)=O)C4=O)=O)C4=CC=C2)CC1)C5CCN(C6=CC=C(NC(C7=CN=C(OC8=CC=CC=C8)N=C7)=O)C=C6)CC5,13.9
O=C(C1=CN=C(OC2=CC=CC=C2)N=C1)NC(C=C3)=CC=C3N4CCN(C5=C(C(N(C6CCC(NC6=O)=O)C7=O)=O)C7=CC=C5)CC4,14
O=C(NCCNC1=C(C(N(C2CCC(NC2=O)=O)C3=O)=O)C3=CC=C1)C4CCN(C5=CC=C(NC(C6=CN=C(OC7=CC=CC=C7)N=C6)=O)C=C5)CC4,10.7
O=C(N1[C@H](C(NCC2=CC=C(C3=C(C)N=CS3)C=C2)=O)C[C@@H](O)C1)[C@H](C(C)(C)C)NC(CNC(C4CCN(C5=CC=C(NC(C6=CN=C(OC7=CC=CC=C7)N=C6)=O)C=C5)CC4)=O)=O,15.9
CC1=NC(N[C@H](C)C2=CC(N)=CC(C(F)(F)F)=C2)=C3C(C=C(OC)C(C4CCN(C(CCCCCC(N[C@@H](C(C)(C)C)C(N(C[C@H](O)C5)[C@@H]5C(N[C@@H](C)C6=CC=C(C7=C(C)N=CS7)C=C6)=O)=O)=O)=O)CC4)=C3)=N1,12.749
CC1=NC(N[C@H](C)C2=CC(N)=CC(C(F)(F)F)=C2)=C3C(C=C(OC)C(C4CCN(C(CCCC(N[C@@H](C(C)(C)C)C(N(C[C@H](O)C5)[C@@H]5C(N[C@@H](C)C6=CC=C(C7=C(C)N=CS7)C=C6)=O)=O)=O)=O)CC4)=C3)=N1,12.559
CC1=NC(N[C@H](C)C2=CC(N)=CC(C(F)(F)F)=C2)=C3C(C=C(OC)C(C4CCN(C(CCCCC(N[C@@H](C(C)(C)C)C(N(C[C@H](O)C5)[C@@H]5C(N[C@@H](C)C6=CC=C(C7=C(C)N=CS7)C=C6)=O)=O)=O)=O)CC4)=C3)=N1,12.617
CC1=NC(N[C@H](C)C2=CC(N)=CC(C(F)(F)F)=C2)=C3C(C=C(OC)C(C4CCN(C(CCCCCCC(N[C@@H](C(C)(C)C)C(N(C[C@H](O)C5)[C@@H]5C(N[C@@H](C)C6=CC=C(C7=C(C)N=CS7)C=C6)=O)=O)=O)=O)CC4)=C3)=N1,13.073
CC1=NC(N[C@H](C)C2=CC(N)=CC(C(F)(F)F)=C2)=C3C(C=C(OC)C(C4CCN(C(CCCCCCCC(N[C@@H](C(C)(C)C)C(N(C[C@H](O)C5)[C@@H]5C(N[C@@H](C)C6=CC=C(C7=C(C)N=CS7)C=C6)=O)=O)=O)=O)CC4)=C3)=N1,13.365
CC1=NC(N[C@H](C)C2=CC(N)=CC(C(F)(F)F)=C2)=C3C(C=C(OC)C(C4CCN(C(CCCCCCCCC(N[C@@H](C(C)(C)C)C(N(C[C@H](O)C5)[C@@H]5C(N[C@@H](C)C6=CC=C(C7=C(C)N=CS7)C=C6)=O)=O)=O)=O)CC4)=C3)=N1,13.607
O=C(N[C@@H](C(C)(C)C)C(N(C[C@H](O)C1)[C@@H]1C(N[C@@H](C)C2=CC=C(C3=C(C)N=CS3)C=C2)=O)=O)CCCCCCCCCC(N(CC4)CCC4C5=CC6=C(N[C@H](C)C7=CC(N)=CC(C(F)(F)F)=C7)N=C(C)N=C6C=C5OC)=O,13.994
O=C([C@H]1N(C([C@@H](NC(CCOCCC(N2CCC(C3=CC4=C(N[C@@H](C5=CC(C(F)(F)F)=CC(N)=C5)C)N=C(C)N=C4C=C3OC)CC2)=O)=O)C(C)(C)C)=O)C[C@H](O)C1)N[C@H](C6=CC=C(C7=C(C)N=CS7)C=C6)C,12.454
O=C(N[C@@H](C(C)(C)C)C(N(C[C@H](O)C1)[C@@H]1C(N[C@@H](C)C2=CC=C(C3=C(C)N=CS3)C=C2)=O)=O)COCCOCC(N(CC4)CCC4C5=CC6=C(N[C@H](C)C7=CC(N)=CC(C(F)(F)F)=C7)N=C(C)N=C6C=C5OC)=O,12.164
CC1=NC(N[C@H](C)C2=CC(N)=CC(C(F)(F)F)=C2)=C3C(C=C(OC)C(C4CCN(C([C@@H]5CC[C@H](CC5)C(N[C@@H](C(C)(C)C)C(N(C[C@H](O)C6)[C@@H]6C(N[C@@H](C)C7=CC=C(C8=C(C)N=CS8)C=C7)=O)=O)=O)=O)CC4)=C3)=N1,12.879
O=C([C@H]1N(C([C@@H](NC(CCCCCC(N2CCC(C3=CC4=C(N[C@@H](C5=CC(C(F)(F)F)=CC(N)=C5)C)N=C(C)N=C4C=C3OC)CC2)=O)=O)C(C)(C)C)=O)C[C@@H](O)C1)N[C@H](C6=CC=C(C7=C(C)N=CS7)C=C6)C,12.919
CC1=NC(N[C@H](C)C2=CC(N)=CC(C(F)(F)F)=C2)=C3C(C=C(OC)C(C4CCN(C(COCCCC(N[C@@H](C(C)(C)C)C(N(C[C@H](O)C5)[C@@H]5C(N[C@@H](C)C6=CC=C(C7=C(C)N=CS7)C=C6)=O)=O)=O)=O)CC4)=C3)=N1,12.27
CC1=NC(N[C@H](C)C2=CC(N)=CC(C(F)(F)F)=C2)=C3C(C=C(OC)C(C4CCN(C(CCCOCC(N[C@@H](C(C)(C)C)C(N(C[C@H](O)C5)[C@@H]5C(N[C@@H](C)C6=CC=C(C7=C(C)N=CS7)C=C6)=O)=O)=O)=O)CC4)=C3)=N1,12.478
O=C(N[C@@H](C(C)(C)C)C(N(C[C@H](O)C1)[C@@H]1C(N[C@@H](C)C2=CC=C(C3=C(C)N=CS3)C=C2)=O)=O)CCCCCN(CC4)CCC4C5=CC6=C(N[C@H](C)C7=CC(N)=CC(C(F)(F)F)=C7)N=C(C)N=C6C=C5OC,11.456
CC1=NC(N[C@H](C)C2=CC(N)=CC(C(F)(F)F)=C2)=C3C(C=C(OC)C(C4CCN(CCCCCCC(N[C@@H](C(C)(C)C)C(N(C[C@H](O)C5)[C@@H]5C(N[C@@H](C)C6=CC=C(C7=C(C)N=CS7)C=C6)=O)=O)=O)CC4)=C3)=N1,12.53
CC1=NC(N[C@H](C)C2=CC(N)=CC(C(F)(F)F)=C2)=C3C(C=C(OC)C(C4CCN(CCCCCCCC(N[C@@H](C(C)(C)C)C(N(C[C@H](O)C5)[C@@H]5C(N[C@@H](C)C6=CC=C(C7=C(C)N=CS7)C=C6)=O)=O)=O)CC4)=C3)=N1,11.738
CC1=NC(N[C@H](C)C2=CC(N)=CC(C(F)(F)F)=C2)=C3C(C=C(OC)C(C4CCN(C(C5CN(CCC(N[C@@H](C(C)(C)C)C(N(C[C@H](O)C6)[C@@H]6C(N[C@@H](C)C7=CC=C(C8=C(C)N=CS8)C=C7)=O)=O)=O)C5)=O)CC4)=C3)=N1,11.36
CC1=NC(N[C@H](C)C2=CC(N)=CC(C(F)(F)F)=C2)=C3C(C=C(OC)C(C4CCN(C(C5CCN(CCC(N[C@@H](C(C)(C)C)C(N(C[C@H](O)C6)[C@@H]6C(N[C@@H](C)C7=CC=C(C8=C(C)N=CS8)C=C7)=O)=O)=O)CC5)=O)CC4)=C3)=N1,11.295
O=C([C@H]1N(C([C@@H](NC(CCCOC2=CC=C(CNC(COC3=CC=C(OC4=CC=CC(C(N(C)CC5=CC(C6CCN(CCNC)CC6)=NC=C5)=O)=C4)C=C3)=O)C=C2)=O)C(C)(C)C)=O)C[C@H](O)C1)N[C@H](C7=CC=C(C8=C(C)N=CS8)C=C7)C,2.748
O=C([C@H]1N(C([C@@H](NC(CCCOC2=CC=C(CCNC(COC3=CC=C(OC4=CC=CC(C(N(C)CC5=CC(C6CCN(CCNC)CC6)=NC=C5)=O)=C4)C=C3)=O)C=C2)=O)C(C)(C)C)=O)C[C@H](O)C1)N[C@H](C7=CC=C(C8=C(C)N=CS8)C=C7)C,2.763
O=C([C@H]1N(C([C@@H](NC(CCCCOC2=CC=C(CCNC(COC3=CC=C(OC4=CC=CC(C(N(C)CC5=CC(C6CCN(CCNC)CC6)=NC=C5)=O)=C4)C=C3)=O)C=C2)=O)C(C)(C)C)=O)C[C@H](O)C1)N[C@H](C7=CC=C(C8=C(C)N=CS8)C=C7)C,2.819
O=C([C@H]1N(C([C@@H](NC(CCCCCOC2=CC=C(CCNC(COC3=CC=C(OC4=CC=CC(C(N(C)CC5=CC(C6CCN(CCNC)CC6)=NC=C5)=O)=C4)C=C3)=O)C=C2)=O)C(C)(C)C)=O)C[C@H](O)C1)N[C@H](C7=CC=C(C8=C(C)N=CS8)C=C7)C,2.833
O=C([C@H]1N(C([C@@H](NC(CCCCCCOC2=CC=C(CCNC(COC3=CC=C(OC4=CC=CC(C(N(C)CC5=CC(C6CCN(CCNC)CC6)=NC=C5)=O)=C4)C=C3)=O)C=C2)=O)C(C)(C)C)=O)C[C@H](O)C1)N[C@H](C7=CC=C(C8=C(C)N=CS8)C=C7)C,2.807
O=C([C@H]1N(C([C@@H](NC(CN2CCN(CC3CCN(C(COC4=CC=C(OC5=CC=CC(C(N(C)CC6=CC(C7CCN(CCNC)CC7)=NC=C6)=O)=C5)C=C4)=O)CC3)CC2)=O)C(C)(C)C)=O)C[C@H](O)C1)N[C@H](C8=CC=C(C9=C(C)N=CS9)C=C8)C,2.478
O=C([C@H]1N(C([C@@H](NC(CN2CCN(CC3CCN(CC4CCN(C(COC5=CC=C(OC6=CC=CC(C(NC(C)C7=CC(C8CCN(CCNC)CC8)=NC=C7)=O)=C6)C=C5)=O)CC4)CC3)CC2)=O)C(C)(C)C)=O)C[C@H](O)C1)N[C@H](C9=CC=C(C%10=C(C)N=CS%10)C=C9)C,2.32
O=C([C@H]1N(C([C@@H](NC(CN2CCN(CC3CCN(CC4CCN(C(COC5=CC=C(OC6=CC=CC(C(NCCC7=CC(C8CCN(CCOC)CC8)=NC=C7)=O)=C6)C=C5)=O)CC4)CC3)CC2)=O)C(C)(C)C)=O)C[C@H](O)C1)N[C@H](C9=CC=C(C%10=C(C)N=CS%10)C=C9)C,2.431
O=C([C@H]1N(C([C@@H](NC(CN2CCN(CC3CCN(CC4CCN(C(C5=CC=C(OC6=CC=CC(C(N(C)CC7=CC(C8CCN(CCNC)CC8)=NC=C7)=O)=C6)C=C5)=O)CC4)CC3)CC2)=O)C(C)(C)C)=O)C[C@H](O)C1)N[C@H](C9=CC=C(C%10=C(C)N=CS%10)C=C9)C,2.289
O=C([C@H]1N(C([C@@H](NC(CN2CCN(CC3CCN(CC4CCN(C(CC5=CC=C(OC6=CC=CC(C(NC(C)C7=CC(C8CCN(CCNC)CC8)=NC=C7)=O)=C6)C=C5)=O)CC4)CC3)CC2)=O)C(C)(C)C)=O)C[C@H](O)C1)N[C@H](C9=CC=C(C%10=C(C)N=CS%10)C=C9)C,2.316
O=C([C@H]1N(C([C@@H](NC(CN2CCN(CC3CCN(CC4CCN(C(CCC5=CC=C(OC6=CC=CC(C(NC(C)C7=CC(C8CCN(CCNC)CC8)=NC=C7)=O)=C6)C=C5)=O)CC4)CC3)CC2)=O)C(C)(C)C)=O)C[C@H](O)C1)N[C@H](C9=CC=C(C%10=C(C)N=CS%10)C=C9)C,2.249
O=C(NCCNC1=C(C(N(C2CCC(NC2=O)=O)C3=O)=O)C3=CC=C1)CCC(NC4=CC=C(NC(C5=CC=C([N+]([O-])=O)O5)=O)C=C4)=O,12.336
O=C(NCCCNC1=C(C(N(C2CCC(NC2=O)=O)C3=O)=O)C3=CC=C1)CCC(NC4=CC=C(NC(C5=CC=C([N+]([O-])=O)O5)=O)C=C4)=O,12.719
O=C(NCCCCNC1=C(C(N(C2CCC(NC2=O)=O)C3=O)=O)C3=CC=C1)CCC(NC4=CC=C(NC(C5=CC=C([N+]([O-])=O)O5)=O)C=C4)=O,13.216
O=C(NCCCCCNC1=C(C(N(C2CCC(NC2=O)=O)C3=O)=O)C3=CC=C1)CCC(NC4=CC=C(NC(C5=CC=C([N+]([O-])=O)O5)=O)C=C4)=O,13.83
O=C(NCCCCCCNC1=C(C(N(C2CCC(NC2=O)=O)C3=O)=O)C3=CC=C1)CCC(NC4=CC=C(NC(C5=CC=C([N+]([O-])=O)O5)=O)C=C4)=O,14.596
O=C(CCC(NCCOCCOCCNC1=C(C(N(C2CCC(NC2=O)=O)C3=O)=O)C3=CC=C1)=O)NC4=CC=C(NC(C5=CC=C([N+]([O-])=O)O5)=O)C=C4,13.155
O=C(NC1=CC=C(NC(CCCC(NCCNC2=C(C(N(C3CCC(NC3=O)=O)C4=O)=O)C4=CC=C2)=O)=O)C=C1)C5=CC=C([N+]([O-])=O)O5,12.362
O=C(NC1=CC=C(NC(CCCC(NCCCNC2=C(C(N(C3CCC(NC3=O)=O)C4=O)=O)C4=CC=C2)=O)=O)C=C1)C5=CC=C([N+]([O-])=O)O5,14.607
O=C(NC1=CC=C(NC(CCCC(NCCCCNC2=C(C(N(C3CCC(NC3=O)=O)C4=O)=O)C4=CC=C2)=O)=O)C=C1)C5=CC=C([N+]([O-])=O)O5,13.465
O=C(NC1=CC=C(NC(CCCC(NCCCCCNC2=C(C(N(C3CCC(NC3=O)=O)C4=O)=O)C4=CC=C2)=O)=O)C=C1)C5=CC=C([N+]([O-])=O)O5,14.109
O=C(NC1=CC=C(NC(CCCC(NCCCCCCNC2=C(C(N(C3CCC(NC3=O)=O)C4=O)=O)C4=CC=C2)=O)=O)C=C1)C5=CC=C([N+]([O-])=O)O5,14.775
O=C(NC1=CC=C(NC(CCCC(NCCOCCOCCNC2=C(C(N(C3CCC(NC3=O)=O)C4=O)=O)C4=CC=C2)=O)=O)C=C1)C5=CC=C([N+]([O-])=O)O5,13.232
O=C(NC1=CC=C(NC(COCC(NCCNC2=C(C(N(C3CCC(NC3=O)=O)C4=O)=O)C4=CC=C2)=O)=O)C=C1)C5=CC=C([N+]([O-])=O)O5,12.393
O=C(NC1=CC=C(NC(COCC(NCCCNC2=C(C(N(C3CCC(NC3=O)=O)C4=O)=O)C4=CC=C2)=O)=O)C=C1)C5=CC=C([N+]([O-])=O)O5,13.178
O=C(NC1=CC=C(NC(COCC(NCCCCNC2=C(C(N(C3CCC(NC3=O)=O)C4=O)=O)C4=CC=C2)=O)=O)C=C1)C5=CC=C([N+]([O-])=O)O5,13.604
O=C(NC1=CC=C(NC(COCC(NCCCCCNC2=C(C(N(C3CCC(NC3=O)=O)C4=O)=O)C4=CC=C2)=O)=O)C=C1)C5=CC=C([N+]([O-])=O)O5,14.244
O=C(NC1=CC=C(NC(COCC(NCCCCCCNC2=C(C(N(C3CCC(NC3=O)=O)C4=O)=O)C4=CC=C2)=O)=O)C=C1)C5=CC=C([N+]([O-])=O)O5,14.889
O=C(COCC(NCCOCCOCCNC1=C(C(N(C2CCC(NC2=O)=O)C3=O)=O)C3=CC=C1)=O)NC4=CC=C(NC(C5=CC=C([N+]([O-])=O)O5)=O)C=C4,13.159
O=C(/C=C/C(NCCNC1=C(C(N(C2CCC(NC2=O)=O)C3=O)=O)C3=CC=C1)=O)NC4=CC=C(NC(C5=CC=C([N+]([O-])=O)O5)=O)C=C4,13.309
O=C(/C=C/C(NCCCNC1=C(C(N(C2CCC(NC2=O)=O)C3=O)=O)C3=CC=C1)=O)NC4=CC=C(NC(C5=CC=C([N+]([O-])=O)O5)=O)C=C4,13.824
O=C(/C=C/C(NCCCCNC1=C(C(N(C2CCC(NC2=O)=O)C3=O)=O)C3=CC=C1)=O)NC4=CC=C(NC(C5=CC=C([N+]([O-])=O)O5)=O)C=C4,14.202
O=C(/C=C/C(NCCCCCNC1=C(C(N(C2CCC(NC2=O)=O)C3=O)=O)C3=CC=C1)=O)NC4=CC=C(NC(C5=CC=C([N+]([O-])=O)O5)=O)C=C4,14.774
O=C(/C=C/C(NCCCCCCNC1=C(C(N(C2CCC(NC2=O)=O)C3=O)=O)C3=CC=C1)=O)NC4=CC=C(NC(C5=CC=C([N+]([O-])=O)O5)=O)C=C4,15.442
O=C(/C=C/C(NCCCCCCNC1=C(C(N(C2CCC(N(C)C2=O)=O)C3=O)=O)C3=CC=C1)=O)NC4=CC=C(NC(C5=CC=C([N+]([O-])=O)O5)=O)C=C4,11.045
O=C(/C=C/C(NCCOCCOCCNC1=C(C(N(C2CCC(NC2=O)=O)C3=O)=O)C3=CC=C1)=O)NC4=CC=C(NC(C5=CC=C([N+]([O-])=O)O5)=O)C=C4,13.68
O=C(C(CC1)N2C(C3=CC4=C(CN(C5CCN(C(C=C6)=CC=C6[C@@H]7C(C=CC(O)=C8)=C8CC[C@@H]7C9=CC=CC=C9)CC5)C4)C=C3C2=O)=O)NC1=O,1.73
O=C(C(CC1)N2C(C3=CC4=C(CN(CC5CCN(C(C=C6)=CC=C6[C@@H]7C(C=CC(O)=C8)=C8CC[C@@H]7C9=CC=CC=C9)CC5)C4)C=C3C2=O)=O)NC1=O,1.74
O=C(C(CC1)N2C(C3=CC4=C(CN(CCC5CCN(C(C=C6)=CC=C6[C@@H]7C(C=CC(O)=C8)=C8CC[C@@H]7C9=CC=CC=C9)CC5)C4)C=C3C2=O)=O)NC1=O,1.56
O=C(C(CC1)N2C(C3=CC4=C(CN(CCCC5CCN(C(C=C6)=CC=C6[C@@H]7C(C=CC(O)=C8)=C8CC[C@@H]7C9=CC=CC=C9)CC5)C4)C=C3C2=O)=O)NC1=O,1.56
O=C(C(CC1)N2C(C3=CC4=C(CN(CCCCC5CCN(C(C=C6)=CC=C6[C@@H]7C(C=CC(O)=C8)=C8CC[C@@H]7C9=CC=CC=C9)CC5)C4)C=C3C2=O)=O)NC1=O,1.54
O=C(C(CC1)N2C(C3=CC4=C(CN(CCCCCC5CCN(C(C=C6)=CC=C6[C@@H]7C(C=CC(O)=C8)=C8CC[C@@H]7C9=CC=CC=C9)CC5)C4)C=C3C2=O)=O)NC1=O,1.62
O=C(C(CC1)N2C(C3=CC4=C(CN(CCCCCCC5CCN(C(C=C6)=CC=C6[C@@H]7C(C=CC(O)=C8)=C8CC[C@@H]7C9=CC=CC=C9)CC5)C4)C=C3C2=O)=O)NC1=O,1.69
O=C(C(CC1)N2C(C3=CC4=C(CN(C(C5)CN5CC6CCN(C(C=C7)=CC=C7[C@@H]8C(C=CC(O)=C9)=C9CC[C@@H]8C%10=CC=CC=C%10)CC6)C4)C=C3C2=O)=O)NC1=O,1.68
O=C(C(CC1)N2C(C3=CC4=C(CN(CC(C5)CN5CC6CCN(C(C=C7)=CC=C7[C@@H]8C(C=CC(O)=C9)=C9CC[C@@H]8C%10=CC=CC=C%10)CC6)C4)C=C3C2=O)=O)NC1=O,1.5
O=C(C(CC1)N2C(C3=CC4=C(CN(C5CCN(CC5)CC6CCN(C(C=C7)=CC=C7[C@@H]8C(C=CC(O)=C9)=C9CC[C@@H]8C%10=CC=CC=C%10)CC6)C4)C=C3C2=O)=O)NC1=O,2.69
OC1=CC=C2C(CC[C@H](C3=CC=CC=C3)[C@@H]2C4=CC=C(N5CCC(CN6CCC(CN(C7)CC8=C7C=C(C(N(C9CCC(NC9=O)=O)C%10=O)=O)C%10=C8)CC6)CC5)C=C4)=C1,1.49
OC1=CC=C2C(CC[C@H](C3=CC=CC=C3)[C@@H]2C4=CC=C(N5CC(CN6CCC(N(C7)CC8=C7C=C(C(N(C9CCC(NC9=O)=O)C%10=O)=O)C%10=C8)CC6)C5)C=C4)=C1,1.72
OC1=CC=C2C(CC[C@H](C3=CC=CC=C3)[C@@H]2C4=CC=C(N5CC(CN6CCC(CN(C7)CC8=C7C=C(C(N(C9CCC(NC9=O)=O)C%10=O)=O)C%10=C8)CC6)C5)C=C4)=C1,1.55
O=C(C(CC1)N2C(C3=CC4=C(CN(CC(C5)CN5C(C6CCN(C(C=C7)=CC=C7[C@@H]8C(C=CC(O)=C9)=C9CC[C@@H]8C%10=CC=CC=C%10)CC6)=O)C4)C=C3C2=O)=O)NC1=O,1.44
O=C(C(CC1)N2C(C3=CC4=C(CN(C5CCN(CC5)C(C6CCN(C(C=C7)=CC=C7[C@@H]8C(C=CC(O)=C9)=C9CC[C@@H]8C%10=CC=CC=C%10)CC6)=O)C4)C=C3C2=O)=O)NC1=O,1.5
OC1=CC=C2C(CC[C@H](C3=CC=CC=C3)[C@@H]2C4=CC=C(N5CCC(C(N6CCC(CN(C7)CC8=C7C=C(C(N(C9CCC(NC9=O)=O)C%10=O)=O)C%10=C8)CC6)=O)CC5)C=C4)=C1,1.51
OC1=CC=C2C(CC[C@H](C3=CC=CC=C3)[C@@H]2C4=CC=C(N5CCC(CN6CCC(C(N(C7)CC8=C7C=C(C(N(C9CCC(NC9=O)=O)C%10=O)=O)C%10=C8)=O)CC6)CC5)C=C4)=C1,1.59
OC1=CC=C2C(CC[C@H](C3=CC=CC=C3)[C@@H]2C4=CC=C(N5CC(C(N6CCC(CN(C7)CC8=C7C=C(C(N(C9CCC(NC9=O)=O)C%10=O)=O)C%10=C8)CC6)=O)C5)C=C4)=C1,1.82
OC1=CC=C2C(CC[C@H](C3=CC=CC=C3)[C@@H]2C4=CC=C(N5CC(CN6CCC(C(N(C7)CC8=C7C=C(C(N(C9CCC(NC9=O)=O)C%10=O)=O)C%10=C8)=O)CC6)C5)C=C4)=C1,1.77
OC1=CC=C2C(CC[C@H](C3=CC=CC=C3)[C@@H]2C4=CC=C(N5CC6(CN(C(CN(C7)CC8=C7C=C(C(N(C9CCC(NC9=O)=O)C%10=O)=O)C%10=C8)=O)C6)C5)C=C4)=C1,1.8
OC1=CC=C2C(CC[C@H](C3=CC=CC=C3)[C@@H]2C4=CC=C(N5CC(CN6C(CN(C7)CC8=C7C=C(C(N(C9CCC(NC9=O)=O)C%10=O)=O)C%10=C8)=O)(CC6)C5)C=C4)=C1,1.82
OC1=CC=C2C(CC[C@H](C3=CC=CC=C3)[C@@H]2C4=CC=C(N(CC5)CC65CN(C(CN(C7)CC8=C7C=C(C(N(C9CCC(NC9=O)=O)C%10=O)=O)C%10=C8)=O)C6)C=C4)=C1,1.88
OC1=CC=C2C(CC[C@H](C3=CC=CC=C3)[C@@H]2C4=CC=C(N5CC(CCN6C(CN(C7)CC8=C7C=C(C(N(C9CCC(NC9=O)=O)C%10=O)=O)C%10=C8)=O)(CC6)C5)C=C4)=C1,1.85
OC1=CC=C2C(CC[C@H](C3=CC=CC=C3)[C@@H]2C4=CC=C(N5CCC6(CN(C(CN(C7)CC8=C7C=C(C(N(C9CCC(NC9=O)=O)C%10=O)=O)C%10=C8)=O)C6)CC5)C=C4)=C1,2.56
OC1=CC=C2C(CC[C@H](C3=CC=CC=C3)[C@@H]2C4=CC=C(N5CC(CCN6C(CN(C7)CC8=C7C=C(C(N(C9CCC(NC9=O)=O)C%10=O)=O)C%10=C8)=O)(CC6)CC5)C=C4)=C1,1.95
OC1=CC=C2C(CC[C@H](C3=CC=CC=C3)[C@@H]2C4=CC=C(N5CCC(CN6C(CN(C7)CC8=C7C=C(C(N(C9CCC(NC9=O)=O)C%10=O)=O)C%10=C8)=O)(CC6)CC5)C=C4)=C1,1.58
OC1=CC=C2C(CC[C@H](C3=CC=CC=C3)[C@@H]2C4=CC=C(N(CC5)CCC5(CC6)CCN6C(CN(C7)CC8=C7C=C(C(N(C9CCC(NC9=O)=O)C%10=O)=O)C%10=C8)=O)C=C4)=C1,2.49
OC1=CC=C2C(CC[C@H](C3=CC=CC=C3)[C@@H]2C4=CC=C(N(CC5)CCC65CN(C(CN(C7)CC8=C7C=C(C(N(C9CCC(NC9=O)=O)C%10=O)=O)C%10=C8)=O)CCC6)C=C4)=C1,1.61
OC1=CC=C2C(CC[C@H](C3=CC=CC=C3)[C@@H]2C4=CC=C(N(CC5)CCC5(CC6)CCN6CC(N(C7)CC8=C7C=C(C(N(C9CCC(NC9=O)=O)C%10=O)=O)C%10=C8)=O)C=C4)=C1,1.61
C[C@H]1N(CC(F)(CO)F)[C@H](C2=C(F)C=C(N3CCC4(CCN(C(CN(C5)CC6=C5C=C(C(N(C7CCC(NC7=O)=O)C8=O)=O)C8=C6)=O)CC4)CC3)C=C2F)C(NC9=C%10C=CC=C9)=C%10C1,1.79
C[C@H]1N(CC(C)(F)C)[C@H](C2=C(F)C=C(N3CCC4(CCN(C(CN(C5)CC6=C5C=C(C(N(C7CCC(NC7=O)=O)C8=O)=O)C8=C6)=O)CC4)CC3)C=C2F)C(NC9=C%10C=CC=C9)=C%10C1,1.64
C[C@H]1N(CC(F)F)[C@H](C2=C(F)C=C(N3CCC4(CCN(C(CN(C5)CC6=C5C=C(C(N(C7CCC(NC7=O)=O)C8=O)=O)C8=C6)=O)CC4)CC3)C=C2F)C(NC9=C%10C=CC=C9)=C%10C1,1.95
O=C(N1)C(N2C(C3=CC4=C(C=C3C2=O)CN(C4)CC(N5CCC6(CCN(CC6)C7=CN=C([C@@H]8C9=C(C[C@H](N8CC(F)(F)F)C)C(C=NN%10)=C%10C=C9)C=C7)CC5)=O)=O)CCC1=O,1.22
FC(F)(F)CN1[C@H](C)CC2=C(C=CC3=C2C=NN3)[C@H]1C4=C(F)C=C(N5CCC6(CCN(CC6)C(CN(C7)CC8=C7C=C(C(N(C9CCC(NC9=O)=O)C%10=O)=O)C%10=C8)=O)CC5)C=C4F,1.92
FC(F)CN1[C@H](C)CC2=C(C=CC3=C2C=NN3)[C@H]1C4=C(F)C=C(N5CCC6(CCN(CC6)C(CN(C7)CC8=C7C=C(C(N(C9CCC(NC9=O)=O)C%10=O)=O)C%10=C8)=O)CC5)C=C4F,1.79
FC(F)CN1[C@H](C)CC2=C(C=CC3=C2C=NN3)[C@H]1C4=NC=C(N5CCC6(CCN(CC6)C(CN(C7)CC8=C7C=C(C(N(C9CCC(NC9=O)=O)C%10=O)=O)C%10=C8)=O)CC5)C=C4,1.15
FC(F)CN1[C@H](C)CC2=C(C=CC3=C2C=NN3)[C@H]1C4=C(OC)C=C(N5CCC6(CCN(CC6)C(CN(C7)CC8=C7C=C(C(N(C9CCC(NC9=O)=O)C%10=O)=O)C%10=C8)=O)CC5)C=C4,1.63
O=C(OCC1=CC=C(NC([C@H](CCCNC(N)=O)NC(C2(CCC2)C(NCCCCCN3C(C=CC3=O)=O)=O)=O)=O)C=C1)NCO[C@@H]4C[C@@H](C(NCC5=CC=C(C6=C(C)N=CS6)C=C5)=O)N(C([C@H](C(C)(C)C)NC(COCCOCCOCCNC(C[C@@H]7N=C(C8=CC=C(Cl)C=C8)C9=C(SC(C)=C9C)N%10C7=NN=C%10C)=O)=O)=O)C4,4.03
O=C([C@H](C(C)(C)C)NC(COCCOCCOCCNC(C[C@@H]1N=C(C2=CC=C(Cl)C=C2)C3=C(SC(C)=C3C)N4C1=NN=C4C)=O)=O)N5C[C@H](OC(OC[C@@H](C)SS(C)(=O)=O)=O)C[C@H]5C(NCC6=CC=C(C7=C(C)N=CS7)C=C6)=O,4.24
O=C([C@H](C(C)(C)C)NC(COCCOCCOCCNC(C[C@@H]1N=C(C2=CC=C(Cl)C=C2)C3=C(SC(C)=C3C)N4C1=NN=C4C)=O)=O)N5C[C@H](OC(OCC(C)(C)SS(C)(=O)=O)=O)C[C@H]5C(NCC6=CC=C(C7=C(C)N=CS7)C=C6)=O,4.31
O=C([C@H](C(C)(C)C)NC(COCCOCCOCCNC(C[C@@H]1N=C(C2=CC=C(Cl)C=C2)C3=C(SC(C)=C3C)N4C1=NN=C4C)=O)=O)N5C[C@H](OC(OC(C)C(C)SS(C)(=O)=O)=O)C[C@H]5C(NCC6=CC=C(C7=C(C)N=CS7)C=C6)=O,4.33
O=C([C@H](C(C)(C)C)NC(COCCOCCOCCNC(C[C@@H]1N=C(C2=CC=C(NC([C@H](CCCNC(N)=O)NC(OCC3C(C=CC=C4)=C4C5=C3C=CC=C5)=O)=O)C=C2)C6=C(SC(C)=C6C)N7C1=NN=C7C)=O)=O)N8C[C@H](O)C[C@H]8C(NCC9=CC=C(C%10=C(C)N=CS%10)C=C9)=O,3.7
O=C(NC1=CC=C(COC(NC2=CC(CCOCC(N[C@@H](C(C)(C)C)C(N3C[C@H](O)C[C@H]3C(NCC4=CC=C(C5=C(C)N=CS5)C=C4)=O)=O)=O)=CC(OCCNC(C[C@@H]6N=C(C7=CC=C(Cl)C=C7)C8=C(SC(C)=C8C)N9C6=NN=C9C)=O)=C2)=O)C=C1)[C@H](CCCNC(N)=O)NC(C%10(CCC%10)C(NCCCCCN%11C(C=CC%11=O)=O)=O)=O,3.93
O=C([C@H](C(C)(C)C)NC(COC[C@H]1C[C@H](CNC1)COCCNC(C[C@@H]2N=C(C3=CC=C(Cl)C=C3)C4=C(SC(C)=C4C)N5C2=NN=C5C)=O)=O)N6C[C@H](O)C[C@H]6C(NCC7=CC=C(C8=C(C)N=CS8)C=C7)=O,3.23
O=C([C@H](C(C)(C)C)NC(CCC1=CC(CCOCCOCC#CC2=CC=C(C3=N[C@@H](CC(NCCS(=O)(O)=O)=O)C4=NN=C(C)N4C5=C3C(C)=C(C)S5)C=C2)=CC(NC(OCC(C=C6)=CC=C6NC([C@H](CCCNC(N)=O)NC(C7(CCC7)C(NCCCCCN8C(C=CC8=O)=O)=O)=O)=O)=O)=C1)=O)N9C[C@H](O)C[C@H]9C(NCC%10=CC=C(C%11=C(C)N=CS%11)C=C%10)=O,3.72
O=C([C@H](C(C)(C)C)NC(COCC#CC#CCNC(C[C@@H]1N=C(C2=CC=C(Cl)C=C2)C3=C(SC(C)=C3C)N4C1=NN=C4C)=O)=O)N5C[C@H](OC(OC[C@@H](C)SS(C)(=O)=O)=O)C[C@H]5C(NCC6=CC=C(C7=C(C)N=CS7)C=C6)=O,4.38
Cc1ncsc1-c1ccc(cc1)CNC(=O)[C@@H]1C[C@@H](O)CN1C(=O)[C@@H](NC(=O)COCCOCCOCC(F)(F)c1cnc(nc1)-c1ccc(cc1)C(C(=O)NO)c1ccccc1F)C(C)(C)C,6.42
Cc1ncsc1-c1ccc(cc1)CNC(=O)[C@@H]1C[C@@H](O)CN1C(=O)[C@@H](NC(=O)COCCOCCOCCOCC(F)(F)c1cnc(nc1)-c1ccc(cc1)C(C(=O)NO)c1ccccc1F)C(C)(C)C,6.44
Cc1ncsc1-c1ccc(cc1)CNC(=O)[C@@H]1C[C@@H](O)CN1C(=O)[C@@H](NC(=O)COCCOCCOCCOCCOCC(F)(F)c1cnc(nc1)-c1ccc(cc1)C(C(=O)NO)c1ccccc1F)C(C)(C)C,6.44
Cc1ncsc1-c1ccc(cc1)CNC(=O)[C@@H]1C[C@H](O)CN1C(=O)[C@@H](NC(=O)COCCOCCOCCOCCOCC(F)(F)c1cnc(nc1)-c1ccc(cc1)C(C(=O)NO)c1ccccc1F)C(C)(C)C,4.58
CCCN(CCCCOCCOCCOCC(=O)N[C@H](C(=O)N1C[C@H](O)C[C@H]1C(=O)NCc1ccc(cc1)-c1scnc1C)C(C)(C)C)C[C@@H](C)NC(=O)c1ccc(cc1)-c1noc(n1)C(F)(F)F,6.65
CCCN(CCCCOCCOCCOCCOCC(=O)N[C@H](C(=O)N1C[C@H](O)C[C@H]1C(=O)NCc1ccc(cc1)-c1scnc1C)C(C)(C)C)C[C@@H](C)NC(=O)c1ccc(cc1)-c1noc(n1)C(F)(F)F,6.66
CCCN(CCCCOCCOCCOCCOCCOCC(=O)N[C@H](C(=O)N1C[C@H](O)C[C@H]1C(=O)NCc1ccc(cc1)-c1scnc1C)C(C)(C)C)C[C@@H](C)NC(=O)c1ccc(cc1)-c1noc(n1)C(F)(F)F,6.62
CCCN(CCCCOCCOCCOCCOCCOCC(=O)N[C@@H](C(=O)N1C[C@@H](O)C[C@@H]1C(=O)NCc1ccc(cc1)-c1scnc1C)C(C)(C)C)C[C@@H](C)NC(=O)c1ccc(cc1)-c1noc(n1)C(F)(F)F,6.32
C(=O)(c1oc2C(=O)c3c(C(=O)c2c1)cccc3)NCCOCCOCCNc4c5C(=O)N(C(=O)c5ccc4)C6C(=O)NC(=O)CC6,6.672
C(=O)(c1oc2C(=O)c3c(C(=O)c2c1)cccc3)NCCOCCOCCNc4c5C(=O)N(C(=O)c5ccc4)C6C(=O)NCCC6,6.947
C(=O)(c1oc2C(=O)c3c(C(=O)c2c1)cccc3)NCCN4CCC(CCCCCNc5c6C(=O)N(C(=O)c6ccc5)C7C(=O)NC(=O)CC7)CC4,6.353
C(=O)(c1oc2C(=O)c3c(C(=O)c2c1)cccc3)NCCN4CCC(CCCCCNc5c6C(=O)N(C(=O)c6ccc5)C7C(=O)N(C(=O)CC7)C)CC4,6.947
C(=O)(c1oc2C(=O)c3c(C(=O)c2c1)cccc3)NCCNc4c5C(=O)N(C(=O)c5ccc4)C6C(=O)NC(=O)CC6,6.878
C(=O)(c1oc2C(=O)c3c(C(=O)c2c1)cccc3)NCCCNc4c5C(=O)N(C(=O)c5ccc4)C6C(=O)NC(=O)CC6,7.05
C(=O)(c1oc2C(=O)c3c(C(=O)c2c1)cccc3)NCCCCNc4c5C(=O)N(C(=O)c5ccc4)C6C(=O)NC(=O)CC6,10.066
C(=O)(c1oc2C(=O)c3c(C(=O)c2c1)cccc3)NCCCCCNc4c5C(=O)N(C(=O)c5ccc4)C6C(=O)NC(=O)CC6,10.34
C(=O)(c1oc2C(=O)c3c(C(=O)c2c1)cccc3)NCCCCCCNc4c5C(=O)N(C(=O)c5ccc4)C6C(=O)NC(=O)CC6,7.943
C(=O)(c1oc2C(=O)c3c(C(=O)c2c1)cccc3)NCCOCCNc4c5C(=O)N(C(=O)c5ccc4)C6C(=O)NC(=O)CC6,6.706
C(=O)(c1oc2C(=O)c3c(C(=O)c2c1)cccc3)NCCOCCOCCOCCNc4c5C(=O)N(C(=O)c5ccc4)C6C(=O)NC(=O)CC6,6.695
C(=O)(c1oc2C(=O)c3c(C(=O)c2c1)cccc3)NCCOCCOCCOCCOCCNc4c5C(=O)N(C(=O)c5ccc4)C6C(=O)NC(=O)CC6,6.734
C(=O)(c1oc2C(=O)c3c(C(=O)c2c1)cccc3)NCCOCCOCCOCCOCCOCCOCCNc4c5C(=O)N(C(=O)c5ccc4)C6C(=O)NC(=O)CC6,6.799
C(=O)(c1oc2C(=O)c3c(C(=O)c2c1)cccc3)NCCN4CCN(CCNc5c6C(=O)N(C(=O)c6ccc5)C7C(=O)NC(=O)CC7)CC4,7.96
C(=O)(c1oc2C(=O)c3c(C(=O)c2c1)cccc3)NCCN4CCC(CCNc5c6C(=O)N(C(=O)c6ccc5)C7C(=O)NC(=O)CC7)CC4,7.106
C(=O)(c1oc2C(=O)c3c(C(=O)c2c1)cccc3)NCCN4CCC(CCCNc5c6C(=O)N(C(=O)c6ccc5)C7C(=O)NC(=O)CC7)CC4,8.964
C(=O)(c1oc2C(=O)c3c(C(=O)c2c1)cccc3)NCCOCCOCCOc4c5C(=O)N(C(=O)c5ccc4)C6C(=O)NC(=O)CC6,6.959
C(=O)(c1oc2C(=O)c3c(C(=O)c2c1)cccc3)NCCOCCOCCNC(=O)COc4c5C(=O)N(C(=O)c5ccc4)C6C(=O)NC(=O)CC6,5.934
C(=O)(c1oc2C(=O)c3c(C(=O)c2c1)cccc3)NCCOCCOCC(=O)N[C@H](C(=O)N4[C@H](C(=O)NCc5ccc(-c6c(ncs6)C)cc5)C[C@@H](O)C4)C(C)(C)C,7.025
O=C1C2=C(C=C(C(NCCCC#CC3=CC=CC(C(N4C5C(NC(CC5)=O)=O)=O)=C3C4=O)=O)O2)C(C6=CC=CC=C61)=O,7.007
C(=O)(c1oc2C(=O)c3c(C(=O)c2c1)cccc3)NCCCCOc4c5C(=O)N(C(=O)c5ccc4)C6C(=O)NC(=O)CC6,6.959
C(=O)(c1oc2C(=O)c3c(C(=O)c2c1)cccc3)NCCOCCOCCOCCNC(=O)COc4c5C(=O)N(C(=O)c5ccc4)C6C(=O)NC(=O)CC6,6.271
C(=O)(c1oc2C(=O)c3c(C(=O)c2c1)cccc3)NCCCCNC(=O)COc4c5C(=O)N(C(=O)c5ccc4)C6C(=O)NC(=O)CC6,6.227
C(=O)(c1oc2C(=O)c3c(C(=O)c2c1)cccc3)NCCOCCOCCNc4cc5C(=O)N(C(=O)c5cc4)C6C(=O)NC(=O)CC6,6.23
C(=O)(c1oc2C(=O)c3c(C(=O)c2c1)cccc3)NCCOCCOCCNc4c5c(C(=O)N(C6C(=O)NC(=O)CC6)C5)ccc4,5.911
C(=O)(c1oc2C(=O)c3c(C(=O)c2c1)cccc3)NCCOCC(=O)N[C@H](C(=O)N4[C@H](C(=O)NCc5ccc(-c6c(ncs6)C)cc5)C[C@@H](O)C4)C(C)(C)C,6.859
C(=O)(c1oc2C(=O)c3c(C(=O)c2c1)ccc(OCCOCCOCCNc4c5C(=O)N(C(=O)c5ccc4)C6C(=O)NC(=O)CC6)c3)NCCN7CCCCC7,7.252
C(=O)(c1oc2C(=O)c3c(C(=O)c2c1)cccc3)NCCCCCc4c5c(C(=O)N(C6C(=O)NC(=O)CC6)C5)ccc4,6.994
CC(C)(C)[C@@H](C(N1[C@H](C(NCC2=CC=C(C3=C(C)N=CS3)C=C2)=O)C[C@@H](O)C1)=O)NC(CNCCCONC(C4=CC=C(F)C(F)=C4NC5=CC=C(I)C=C5F)=O)=O,4.14
O=C([C@H]1N(C([C@H](C(C)(C)C)NC(CCNCCCONC(C2=CC=C(F)C(F)=C2NC3=CC=C(I)C=C3F)=O)=O)=O)C[C@H](O)C1)NCC4=CC=C(C5=C(C)N=CS5)C=C4,4.18
O=C([C@H]1N(C([C@H](C(C)(C)C)NC(CCCNCCCONC(C2=CC=C(F)C(F)=C2NC3=CC=C(I)C=C3F)=O)=O)=O)C[C@H](O)C1)NCC4=CC=C(C5=C(C)N=CS5)C=C4,4.11
O=C([C@H]1N(C([C@H](C(C)(C)C)NC(CCCCNCCCONC(C2=CC=C(F)C(F)=C2NC3=CC=C(I)C=C3F)=O)=O)=O)C[C@H](O)C1)NCC4=CC=C(C5=C(C)N=CS5)C=C4,4.13
O=C([C@H]1N(C([C@H](C(C)(C)C)NC(CCCCCNCCCONC(C2=CC=C(F)C(F)=C2NC3=CC=C(I)C=C3F)=O)=O)=O)C[C@H](O)C1)NCC4=CC=C(C5=C(C)N=CS5)C=C4,4.19
O=C([C@H]1N(C([C@H](C(C)(C)C)NC(CCCCCCNCCCONC(C2=CC=C(F)C(F)=C2NC3=CC=C(I)C=C3F)=O)=O)=O)C[C@H](O)C1)NCC4=CC=C(C5=C(C)N=CS5)C=C4,4.19
O=C([C@H]1N(C([C@H](C(C)(C)C)NC(CCCCCCCNCCCONC(C2=CC=C(F)C(F)=C2NC3=CC=C(I)C=C3F)=O)=O)=O)C[C@H](O)C1)NCC4=CC=C(C5=C(C)N=CS5)C=C4,4.17
O=C([C@H]1N(C([C@H](C(C)(C)C)NC(CCCCCCCCNCCCONC(C2=CC=C(F)C(F)=C2NC3=CC=C(I)C=C3F)=O)=O)=O)C[C@H](O)C1)NCC4=CC=C(C5=C(C)N=CS5)C=C4,4.12
O=C([C@H]1N(C([C@H](C(C)(C)C)NC(CCCCCCCCCNCCCONC(C2=CC=C(F)C(F)=C2NC3=CC=C(I)C=C3F)=O)=O)=O)C[C@H](O)C1)NCC4=CC=C(C5=C(C)N=CS5)C=C4,4.22
O=C([C@H]1N(C([C@H](C(C)(C)C)NC(CCCCCCCCCCNCCCONC(C2=CC=C(F)C(F)=C2NC3=CC=C(I)C=C3F)=O)=O)=O)C[C@H](O)C1)NCC4=CC=C(C5=C(C)N=CS5)C=C4,4.26
O=C([C@H]1N(C([C@H](C(C)(C)C)NC(COCCNCCCONC(C2=CC=C(F)C(F)=C2NC3=CC=C(I)C=C3F)=O)=O)=O)C[C@H](O)C1)NCC4=CC=C(C5=C(C)N=CS5)C=C4,4.13
O=C([C@H]1N(C([C@H](C(C)(C)C)NC(CCOCCNCCCONC(C2=CC=C(F)C(F)=C2NC3=CC=C(I)C=C3F)=O)=O)=O)C[C@H](O)C1)NCC4=CC=C(C5=C(C)N=CS5)C=C4,4.15
O=C([C@H]1N(C([C@H](C(C)(C)C)NC(COCCOCCNCCCONC(C2=CC=C(F)C(F)=C2NC3=CC=C(I)C=C3F)=O)=O)=O)C[C@H](O)C1)NCC4=CC=C(C5=C(C)N=CS5)C=C4,4.19
O=C([C@H]1N(C([C@H](C(C)(C)C)NC(CCOCCOCCNCCCONC(C2=CC=C(F)C(F)=C2NC3=CC=C(I)C=C3F)=O)=O)=O)C[C@H](O)C1)NCC4=CC=C(C5=C(C)N=CS5)C=C4,4.14
O=C([C@H]1N(C([C@H](C(C)(C)C)NC(COCCOCCOCCNCCCONC(C2=CC=C(F)C(F)=C2NC3=CC=C(I)C=C3F)=O)=O)=O)C[C@H](O)C1)NCC4=CC=C(C5=C(C)N=CS5)C=C4,4.23
O=C([C@H]1N(C([C@H](C(C)(C)C)NC(CCOCCOCCOCCNCCCONC(C2=CC=C(F)C(F)=C2NC3=CC=C(I)C=C3F)=O)=O)=O)C[C@H](O)C1)NCC4=CC=C(C5=C(C)N=CS5)C=C4,4.1
O=C([C@H]1N(C([C@H](C(C)(C)C)NC(CCOCCOCCOCCOCCNCCCONC(C2=CC=C(F)C(F)=C2NC3=CC=C(I)C=C3F)=O)=O)=O)C[C@H](O)C1)NCC4=CC=C(C5=C(C)N=CS5)C=C4,4.16
O=C([C@H]1N(C([C@H](C(C)(C)C)NC(CCCCCCCCCNCCCONC(C2=CC=C(F)C(F)=C2NC3=CC=C(I)C=C3F)=O)=O)=O)C[C@H](O)C1)N[C@H](C4=CC=C(C5=C(C)N=CS5)C=C4)C,4.59
O=C([C@H]1N(C([C@H](C(C)(C)C)NC(CCCCCCCCCCCNCCCONC(C2=CC=C(F)C(F)=C2NC3=CC=C(I)C=C3F)=O)=O)=O)C[C@H](O)C1)N[C@H](C4=CC=C(C5=C(C)N=CS5)C=C4)C,4.12
O=C([C@H]1N(C([C@H](C(C)(C)C)NC(CCCCCCCCCCN(C)CCCONC(C2=CC=C(F)C(F)=C2NC3=CC=C(I)C=C3F)=O)=O)=O)C[C@H](O)C1)N[C@H](C4=CC=C(C5=C(C)N=CS5)C=C4)C,4.62
O=C([C@H]1N(C([C@H](C(C)(C)C)NC(CCCCCCCCCNCCCCONC(C2=CC=C(F)C(F)=C2NC3=CC=C(I)C=C3F)=O)=O)=O)C[C@H](O)C1)N[C@H](C4=CC=C(C5=C(C)N=CS5)C=C4)C,4.56
O=C([C@H]1N(C([C@H](C(C)(C)C)NC(CCCCCCCCCCNCCCCONC(C2=CC=C(F)C(F)=C2NC3=CC=C(I)C=C3F)=O)=O)=O)C[C@H](O)C1)N[C@H](C4=CC=C(C5=C(C)N=CS5)C=C4)C,4.63
O=C([C@H]1N(C([C@H](C(C)(C)C)NC(CCCCCCCCCCCNCCCCONC(C2=CC=C(F)C(F)=C2NC3=CC=C(I)C=C3F)=O)=O)=O)C[C@H](O)C1)N[C@H](C4=CC=C(C5=C(C)N=CS5)C=C4)C,4.61
O=C(NOCCCNCCNC1=CC=CC(C(N2C(CC3)C(NC3=O)=O)=O)=C1C2=O)C4=CC=C(F)C(F)=C4NC5=CC=C(I)C=C5F,4.17
O=C(NOCCCNCCCNC1=CC=CC(C(N2C(CC3)C(NC3=O)=O)=O)=C1C2=O)C4=CC=C(F)C(F)=C4NC5=CC=C(I)C=C5F,4.16
O=C(NOCCCNCCCCNC1=CC=CC(C(N2C(CC3)C(NC3=O)=O)=O)=C1C2=O)C4=CC=C(F)C(F)=C4NC5=CC=C(I)C=C5F,4.2
O=C(NOCCCNCCCCCNC1=CC=CC(C(N2C(CC3)C(NC3=O)=O)=O)=C1C2=O)C4=CC=C(F)C(F)=C4NC5=CC=C(I)C=C5F,4.19
O=C(NOCCCNCCCCCCNC1=CC=CC(C(N2C(CC3)C(NC3=O)=O)=O)=C1C2=O)C4=CC=C(F)C(F)=C4NC5=CC=C(I)C=C5F,4.22
O=C(NOCCCNCCCCCCCNC1=CC=CC(C(N2C(CC3)C(NC3=O)=O)=O)=C1C2=O)C4=CC=C(F)C(F)=C4NC5=CC=C(I)C=C5F,4.27
O=C(NOCCCNCCCCCCCCNC1=CC=CC(C(N2C(CC3)C(NC3=O)=O)=O)=C1C2=O)C4=CC=C(F)C(F)=C4NC5=CC=C(I)C=C5F,4.31
O=C(NOCCCNCCOCCNC1=CC=CC(C(N2C(CC3)C(NC3=O)=O)=O)=C1C2=O)C4=CC=C(F)C(F)=C4NC5=CC=C(I)C=C5F,4.19
O=C(NOCCCNCCOCCOCCNC1=CC=CC(C(N2C(CC3)C(NC3=O)=O)=O)=C1C2=O)C4=CC=C(F)C(F)=C4NC5=CC=C(I)C=C5F,4.18
O=C(NOCCCNCCOCCOCCOCCNC1=CC=CC(C(N2C(CC3)C(NC3=O)=O)=O)=C1C2=O)C4=CC=C(F)C(F)=C4NC5=CC=C(I)C=C5F,4.18
O=C(NOCCCNCCOCCOCCOCCOCCNC1=CC=CC(C(N2C(CC3)C(NC3=O)=O)=O)=C1C2=O)C4=CC=C(F)C(F)=C4NC5=CC=C(I)C=C5F,4.21
O=C(NOCCCNCCOCCOCCOCCOCCOCCNC1=CC=CC(C(N2C(CC3)C(NC3=O)=O)=O)=C1C2=O)C4=CC=C(F)C(F)=C4NC5=CC=C(I)C=C5F,4.21
O=C(NOCCCNCCCNC1=CC2=C(C(N(C(CC3)C(NC3=O)=O)C2=O)=O)C=C1)C4=CC=C(F)C(F)=C4NC5=CC=C(I)C=C5F,4.13
O=C(NOCCCNCCCCNC1=CC2=C(C(N(C(CC3)C(NC3=O)=O)C2=O)=O)C=C1)C4=CC=C(F)C(F)=C4NC5=CC=C(I)C=C5F,4.21
O=C(NOCCCNCCCCCNC1=CC2=C(C(N(C(CC3)C(NC3=O)=O)C2=O)=O)C=C1)C4=CC=C(F)C(F)=C4NC5=CC=C(I)C=C5F,4.29
O=C(NOCCCNCCCCCCNC1=CC2=C(C(N(C(CC3)C(NC3=O)=O)C2=O)=O)C=C1)C4=CC=C(F)C(F)=C4NC5=CC=C(I)C=C5F,4.42
O=C(NOCCCNCCCCCCCNC1=CC2=C(C(N(C(CC3)C(NC3=O)=O)C2=O)=O)C=C1)C4=CC=C(F)C(F)=C4NC5=CC=C(I)C=C5F,4.61
O=C(NOCCCNCCCCCCCCNC1=CC2=C(C(N(C(CC3)C(NC3=O)=O)C2=O)=O)C=C1)C4=CC=C(F)C(F)=C4NC5=CC=C(I)C=C5F,4.7
O=C(NOCCCNCCOCCNC1=CC2=C(C(N(C(CC3)C(NC3=O)=O)C2=O)=O)C=C1)C4=CC=C(F)C(F)=C4NC5=CC=C(I)C=C5F,4.15
O=C(NOCCCNCCOCCOCCNC1=CC2=C(C(N(C(CC3)C(NC3=O)=O)C2=O)=O)C=C1)C4=CC=C(F)C(F)=C4NC5=CC=C(I)C=C5F,4.21
O=C(NOCCCNCCOCCOCCOCCNC1=CC2=C(C(N(C(CC3)C(NC3=O)=O)C2=O)=O)C=C1)C4=CC=C(F)C(F)=C4NC5=CC=C(I)C=C5F,4.27
O=C(NOCCCNCCOCCOCCOCCOCCNC1=CC2=C(C(N(C(CC3)C(NC3=O)=O)C2=O)=O)C=C1)C4=CC=C(F)C(F)=C4NC5=CC=C(I)C=C5F,4.35
O=C(NOCCCNCCOCCOCCOCCOCCOCCNC1=CC2=C(C(N(C(CC3)C(NC3=O)=O)C2=O)=O)C=C1)C4=CC=C(F)C(F)=C4NC5=CC=C(I)C=C5F,4.37
O=C([C@@H]1N(C([C@H](C(C)(C)C)NC(CCCCCCCCCCN(C)CCCONC(C2=CC=C(F)C(F)=C2NC3=CC=C(I)C=C3F)=O)=O)=O)C[C@@H](O)C1)N[C@H](C4=CC=C(C5=C(C)N=CS5)C=C4)C,4.75
O=C([C@@H]1N(C([C@H](C(C)(C)C)NC(CCCCCCCCCCCNCCCCONC(C2=CC=C(F)C(F)=C2NC3=CC=C(I)C=C3F)=O)=O)=O)C[C@@H](O)C1)N[C@H](C4=CC=C(C5=C(C)N=CS5)C=C4)C,4.84
O=C(NOCCCNCCOCCOCCOCCOCCOCCNC1=CC2=C(C(N(C(CC3)C(N(C)C3=O)=O)C2=O)=O)C=C1)C4=CC=C(F)C(F)=C4NC5=CC=C(I)C=C5F,4.42
CC1=C(C2=CC=C(CNC([C@@H]3C[C@@H](O)CN3C([C@H](C(C)(C)C)NC(COCC(N(C4)CC4NC5=NC=NC(C(NC[C@H](O)CN6CC7=CC=CC=C7CC6)=O)=C5)=O)=O)=O)=O)C=C2)SC=N1,3.97
CC1=C(C2=CC=C(CNC([C@@H]3C[C@@H](O)CN3C([C@H](C(C)(C)C)NC(CCOCCOCCC(N(C4)CC4NC5=NC=NC(C(NC[C@H](O)CN6CC7=CC=CC=C7CC6)=O)=C5)=O)=O)=O)=O)C=C2)SC=N1,3.98
CC1=C(C2=CC=C(CNC([C@@H]3C[C@@H](O)CN3C([C@H](C(C)(C)C)NC(CCOCCOCCOCCC(N(C4)CC4NC5=NC=NC(C(NC[C@H](O)CN6CC7=CC=CC=C7CC6)=O)=C5)=O)=O)=O)=O)C=C2)SC=N1,4
CC1=C(C2=CC=C(CNC([C@@H]3C[C@@H](O)CN3C([C@H](C(C)(C)C)NC(CCCCCCCCCC(N(C4)CC4NC5=NC=NC(C(NC[C@H](O)CN6CC7=CC=CC=C7CC6)=O)=C5)=O)=O)=O)=O)C=C2)SC=N1,4
CC1=C(C2=CC=C(CNC([C@@H]3C[C@@H](O)CN3C([C@H](C(C)(C)C)NC(COCCOCCOCCOCCOCC(N(C4)CC4NC5=NC=NC(C(NC[C@H](O)CN6CC7=CC=CC=C7CC6)=O)=C5)=O)=O)=O)=O)C=C2)SC=N1,3.78
O=C(N[C@@H](C(C)(C)C)C(N1C[C@H](O)C[C@H]1C(N[C@@H](C)C(C=C2)=CC=C2C3=C(C)N=CS3)=O)=O)COCCOCCOCCOCCOCC(N(C4)CC4NC5=NC=NC(C(NC[C@H](O)CN6CC7=CC=CC=C7CC6)=O)=C5)=O,3.83
O=C(N[C@@H](C(C)(C)C)C(N1C[C@@H](O)C[C@@H]1C(N[C@@H](C)C(C=C2)=CC=C2C3=C(C)N=CS3)=O)=O)COCCOCCOCCOCCOCC(N(C4)CC4NC5=NC=NC(C(NC[C@H](O)CN6CC7=CC=CC=C7CC6)=O)=C5)=O,3.78
O=C(N[C@@H](C(C)(C)C)C(N1C[C@H](O)C[C@H]1C(N[C@@H](C)C(C=C2)=CC=C2C3=C(C)N=CS3)=O)=O)COCCOCCOCCOCCOCC(N(C4)CC4NC5=NC=NC(C(NC[C@H](O)CN6CCCCC6)=O)=C5)=O,3.76
O=C(CCCCCCCCCCCC(N[C@@H](C(C)(C)C)C(N1[C@H](C(NCC2=CC=C(C3=C(C)N=CS3)C=C2)=O)C[C@@H](O)C1)=O)=O)NCCCCC#CC4=CC=CC(C5=NN(C(CC6CC6)=C5CC7=CC=C(C=C7)S(N)(=O)=O)C8=NC(C(O)=O)=CS8)=C4,6.348
NS(=O)(C1=CC=C(CC(C(C2=CC(C#CCCCCNC(CCCCCCCCCCCC(N[C@@H](C(C)(C)C)C(N3[C@H](C(NCC4=CC=C(C5=C(C)N=CS5)C=C4)=O)C[C@@H](OCC6=CC=CC=C6)C3)=O)=O)=O)=CC=C2)=NN7C8=NC(C(O)=O)=CS8)=C7CC9CC9)C=C1)=O,6.965
NS(=O)(C1=CC=C(CC(C(C2=CC(C#CCCCCNC(CCCCCCCCCCCC(N[C@@H](C(C)(C)C)C(N3[C@H](C(NCC4=CC=C(C5=C(C)N=CS5)C=C4)=O)C[C@@H](O)C3)=O)=O)=O)=CC=C2)=NN6C7=NC(C(N(C)C)=O)=CS7)=C6CC8CC8)C=C1)=O,6.513
O=C(N(CCCC)CC1=CC=C(C(NO)=O)C=C1)NC2=CC=C(OCCN3N=NC(CNC4=CC=CC(C(N5C6C(NC(CC6)=O)=O)=O)=C4C5=O)=C3)C=C2,2.352
O=C(N(CCCC)CC1=CC=C(C(NO)=O)C=C1)NC2=CC=C(OCCCN3C=C(CNC4=CC=CC(C(N5C6C(NC(CC6)=O)=O)=O)=C4C5=O)N=N3)C=C2,2.594
O=C(N(CC1=CC=C(C(NO)=O)C=C1)CCCC)NC2=CC=C(OCCCCCN3C=C(CNC4=CC=CC(C(N5C6CCC(NC6=O)=O)=O)=C4C5=O)N=N3)C=C2,2.506
O=C(N(CC1=CC=C(C(NO)=O)C=C1)CCCC)NC2=CC=C(OCCCCCCN3C=C(CNC4=CC=CC(C(N5C6CCC(NC6=O)=O)=O)=C4C5=O)N=N3)C=C2,2.561
O=C(N(CCCC)CC1=CC=C(C(NO)=O)C=C1)NC2=CC=C(OCCN3N=NC(CCNC4=CC=CC(C(N5C6C(NC(CC6)=O)=O)=O)=C4C5=O)=C3)C=C2,2.396
O=C(N(CCCC)CC1=CC=C(C(NO)=O)C=C1)NC2=CC=C(OCCCN3C=C(CCNC4=CC=CC(C(N5C6C(NC(CC6)=O)=O)=O)=C4C5=O)N=N3)C=C2,2.437
O=C(N(CCCC)CC1=CC=C(C(NO)=O)C=C1)NC2=CC=C(OCCCCN3N=NC(CCNC4=CC=CC(C(N5C6C(NC(CC6)=O)=O)=O)=C4C5=O)=C3)C=C2,2.48
O=C(N(CCCC)CC1=CC=C(C(NO)=O)C=C1)NC2=CC=C(OCCN3N=NC(CCCNC4=CC=CC(C(N5C6C(NC(CC6)=O)=O)=O)=C4C5=O)=C3)C=C2,2.449
O=C(N(CCCC)CC1=CC=C(C(NO)=O)C=C1)NC2=CC=C(OCCCN3C=C(CCCNC4=CC=CC(C(N5C6C(NC(CC6)=O)=O)=O)=C4C5=O)N=N3)C=C2,2.488
O=C(N(CCCC)CC1=CC=C(C(NO)=O)C=C1)NC2=CC=C(OCCCCN3N=NC(CCCNC4=CC=CC(C(N5C6C(NC(CC6)=O)=O)=O)=C4C5=O)=C3)C=C2,2.523
O=C(N(CCCC)CC1=CC=C(C(NO)=O)C=C1)NC2=CC=C(OCCN3N=NC(CNC4=CC5=C(C(N(C6C(NC(CC6)=O)=O)C5=O)=O)C=C4)=C3)C=C2,2.24
O=C(N(CCCC)CC1=CC=C(C(NO)=O)C=C1)NC2=CC=C(OCCCN3C=C(CNC4=CC5=C(C(N(C6C(NC(CC6)=O)=O)C5=O)=O)C=C4)N=N3)C=C2,2.421
O=C(N(CC1=CC=C(C(NO)=O)C=C1)CCCC)NC2=CC=C(OCCCCCN3N=NC(CNC4=CC5=C(C(N(C6C(NC(CC6)=O)=O)C5=O)=O)C=C4)=C3)C=C2,2.441
O=C(N(CC1=CC=C(C(NO)=O)C=C1)CCCC)NC2=CC=C(OCCCCCCN3N=NC(CNC4=CC5=C(C(N(C6C(NC(CC6)=O)=O)C5=O)=O)C=C4)=C3)C=C2,2.503
O=C(N(CCCC)CC1=CC=C(C(NO)=O)C=C1)NC2=CC=C(OCCN3N=NC(CCCNC4=CC5=C(C(N(C6C(NC(CC6)=O)=O)C5=O)=O)C=C4)=C3)C=C2,2.386
O=C(N(CCCC)CC1=CC=C(C(NO)=O)C=C1)NC2=CC=C(OCCCN3N=NC(CCCNC4=CC5=C(C(N(C6C(NC(CC6)=O)=O)C5=O)=O)C=C4)=C3)C=C2,2.423
O=C(N(CC1=CC=C(C(OC)=O)C=C1)CCCC)NC2=CC=C(OCCCCCN3C=C(CNC4=CC=CC(C(N5C6CCC(NC6=O)=O)=O)=C4C5=O)N=N3)C=C2,2.738
O=C(N(CC1=CC=C(C(NO)=O)C=C1)CCCC)NC2=CC=C(OCCCCCN3C=C(CNC4=CC=CC(C(N5C6CCC(N(C)C6=O)=O)=O)=C4C5=O)N=N3)C=C2,2.556
ClC1=CC=C([C@H](CCN2CCN(C(CCCCCCCCCCC(N[C@@H](C(C)(C)C)C(N3[C@H](C(NCC4=CC=C(C5=C(C)N=CS5)C=C4)=O)C[C@@H](O)C3)=O)=O)=O)CC2)NC(C6(CCN(C7=NC=NC8=C7C=CN8)CC6)N)=O)C=C1,3.851
ClC1=CC=C([C@H](CCN2CCN(C(CCOCCOCCOCCOCCOCCNC3=C(C(N(C4CCC(NC4=O)=O)C5=O)=O)C5=CC=C3)=O)CC2)NC(C6(CCN(C7=NC=NC8=C7C=CN8)CC6)N)=O)C=C1,3.698
ClC1=CC=C([C@H](CCN2CCN(C(CCCCCCCCCCC(N[C@@H](C(C)(C)C)C(N3[C@H](C(NCC4=CC=C(C5=C(C)N=CS5)C=C4)=O)C[C@@H](OCC6=CC=CC=C6)C3)=O)=O)=O)CC2)NC(C7(CCN(C8=NC=NC9=C8C=CN9)CC7)N)=O)C=C1,5.229
ClC1=CC=C([C@H](CCN2CCN(C(CCOCCOCCOCCOCCOCCNC3=C(C(N(C4CCC(N(C)C4=O)=O)C5=O)=O)C5=CC=C3)=O)CC2)NC(C6(CCN(C7=NC=NC8=C7C=CN8)CC6)N)=O)C=C1,3.762
C[C@@H]1C[C@@H](O)C2=NC=NC(N3CCN(C([C@H](CNCCNC(CCCCCCCCCCC(N[C@@H](C(C)(C)C)C(N4[C@H](C(N[C@@H](C)C5=CC=C(C6=C(C)N=CS6)C=C5)=O)C[C@@H](O)C4)=O)=O)=O)C7=CC=C(Cl)C=C7)=O)CC3)=C21,4.195
C[C@@H]1C[C@@H](O)C2=NC=NC(N3CCN(C([C@H](CNCCC(NCCCCCCCCNC4=CC=CC(C(N5C6C(NC(CC6)=O)=O)=O)=C4C5=O)=O)C7=CC=C(Cl)C=C7)=O)CC3)=C21,4.073
C[C@@H]1C[C@@H](O)C2=NC=NC(N3CCN(C([C@H](CNCCNC(CCCCCCCCCCC(N[C@@H](C(C)(C)C)C(N4[C@@H](C(N[C@@H](C)C5=CC=C(C6=C(C)N=CS6)C=C5)=O)C[C@H](O)C4)=O)=O)=O)C7=CC=C(Cl)C=C7)=O)CC3)=C21,4.041
C[C@@H]1C[C@@H](O)C2=NC=NC(N3CCN(C([C@H](CNCCC(NCCCCCCCCNC4=C(C(N(C5C(N(C)C(CC5)=O)=O)C6=O)=O)C6=CC=C4)=O)C7=CC=C(Cl)C=C7)=O)CC3)=C21,4.262
CC(C)(C)[C@@H](C(N1[C@H](C(NCC2=CC=C(C3=C(C)N=CS3)C=C2)=O)C[C@@H](O)C1)=O)NC(CCCCCCNCCCONC(C4=CC=C(F)C(F)=C4NC5=CC=C(I)C=C5F)=O)=O,4.17
CC(C)(C)[C@@H](C(N1[C@H](C(NCC2=CC=C(C3=C(C)N=CS3)C=C2)=O)C[C@@H](O)C1)=O)NC(CCCCCCCCCCNCCCONC(C4=CC=C(F)C(F)=C4NC5=CC=C(I)C=C5F)=O)=O,4.2
CC(C)(C)[C@@H](C(N1[C@H](C(NCC2=CC=C(C3=C(C)N=CS3)C=C2)=O)C[C@@H](O)C1)=O)NC(COCCOCCOCCNCCCONC(C4=CC=C(F)C(F)=C4NC5=CC=C(I)C=C5F)=O)=O,4.23
O=C1N(C2C(NC(CC2)=O)=O)C(C3=C1C(NCCOCCNCCCONC(C4=CC=C(F)C(F)=C4NC5=CC=C(I)C=C5F)=O)=CC=C3)=O,4.19
O=C1N(C2C(NC(CC2)=O)=O)C(C3=C1C(NCCNCCCONC(C4=CC=C(F)C(F)=C4NC5=CC=C(I)C=C5F)=O)=CC=C3)=O,4.17
O=C(NOCCCNCCCCCCCCCCC(N[C@@H](C(C)(C)C)C(N1[C@H](C(N[C@@H](C)C2=CC=C(C3=C(C)N=CS3)C=C2)=O)C[C@@H](O)C1)=O)=O)C4=CC=C(F)C(F)=C4NC5=CC=C(I)C=C5F,4.58
O=C(NOCCCNCCCCCCCCCCC(N[C@@H](C(C)(C)C)C(N1[C@@H](C(N[C@@H](C)C2=CC=C(C3=C(C)N=CS3)C=C2)=O)C[C@H](O)C1)=O)=O)C4=CC=C(F)C(F)=C4NC5=CC=C(I)C=C5F,4.52
COC1=CC2=C(C=C1)N1C(C)=NN=C1[C@@H](N=C2C1=CC=C(Cl)C=C1)[C@@H](C)C(=O)NCCCCCNC(=O)COC1=C2C(=O)N(C3CCC(=O)NC3=O)C(=O)C2=CC=C1,1.136
COC1=CC2=C(C=C1)N1C(C)=NN=C1[C@@H](N=C2C1=CC=C(Cl)C=C1)[C@@H](C)C(=O)NCCCCCCCNC(=O)COC1=C2C(=O)N(C3CCC(=O)NC3=O)C(=O)C2=CC=C1,1.211
COC1=CC2=C(C=C1)N1C(C)=NN=C1[C@@H](N=C2C1=CC=C(Cl)C=C1)[C@@H](C)C(=O)NCCCCCCCCCNC(=O)COC1=C2C(=O)N(C3CCC(=O)NC3=O)C(=O)C2=CC=C1,1.299
COC1=CC2=C(C=C1)N1C(C)=NN=C1[C@@H](N=C2C1=CC=C(Cl)C=C1)[C@@H](C)C(=O)NCCOCCNC(=O)COC1=C2C(=O)N(C3CCC(=O)NC3=O)C(=O)C2=CC=C1,1.08
COC1=CC2=C(C=C1)N1C(C)=NN=C1[C@@H](N=C2C1=CC=C(Cl)C=C1)[C@@H](C)C(=O)NCCOCCOCCNC(=O)COC1=C2C(=O)N(C3CCC(=O)NC3=O)C(=O)C2=CC=C1,1.094
